nombre,zona,zona_original,frecuencia_dias,ultima_visita,visitas_registradas,compras,total_comprado,saldo_pendiente,ultima_observacion,activo
GOMERIA Y RECAPADO JULIAN,115,AV.115 Y ANDRESITO,10,2026-08-15,1,1,17000.0,0.0,VISITAR PROXIMA VUELTA,1
PERFORACIONES OLI,115,AV.115 Y ANDRESITO,10,2026-08-15,1,0,0.0,0.0,ME PIDIERON NUMERO PARA LISTA DE PRECIO,1
TALLER PELOSO,115,AV.115,10,2026-08-17,3,2,37900.0,0.0,VISITAR PROXIMA VUELTA,1
GOMERIA YANI,145,CALLE 145 CASI TACUARI,10,2026-08-11,1,1,5200.0,0.0,VISITAR PROXIMA VUELTA,1
BULON REPUESTOS,213,AV.213,10,2026-08-14,1,0,0.0,0.0,ME PIDIERON NUMERO PARA LISTA DE PRECIO,1
CARNICERIA 213,213,AV.213,10,2026-08-14,1,0,0.0,0.0,SIN INTERES DE COMPRA,1
COMPRA VENTA GATO,213,AV.213,10,2026-07-30,1,0,0.0,0.0,COMPRA EN A4 MEKA X 20 A $16.000,1
FJW,213,AV.213,10,2026-08-03,2,0,0.0,0.0,ESPERANDO QUE SE LE ENVIE PRESUPUESTO DE PRECIOS,1
LUBRICENTRO MIGUEL,213,AV.213,10,2026-08-20,3,2,50000.0,0.0,VISITAR PROXIMA VUELTA,1
LUBRICENTRO Y TALLER,213,AV.213,10,2026-07-30,1,0,0.0,0.0,PASAR POR LA MAÑANA,1
PREMOLDEADOS POSADAS,213,AV.213,10,2026-08-20,1,0,0.0,0.0,SIN INTERES DE COMPRA,1
ROTISERIA LA NONA,25 DE MAYO,CALLE 25 DE MAYO,10,2026-07-30,1,0,0.0,0.0,ME PASARON NUMERO PARA QUE ENVIE PRECIOS,1
FERRETERIA ZUCALUCE,AGUADO,AV.AGUADO,10,2026-08-10,1,0,0.0,0.0,CERRADO,1
REPUESTOS STIC,AGUADO,AV.AGUADO,10,2026-08-17,1,0,0.0,0.0,ME PIDIERON NUMERO PARA LISTA DE PRECIO,1
CARNICERIA CARNES&VINO,ANDRESITO,AV.ANDRESITO,10,2026-08-06,1,1,23200.0,0.0,VISITAR PROXIMA VUELTA,1
CARNICERIA VINOS&CO,ANDRESITO,AV.ANDRESITO,10,2026-08-21,6,5,95500.0,0.0,VISITAR PROXIMA VUELTA,1
MOTEL VENUS,ANDRESITO,AV.ANDRESITO,10,2026-07-29,1,0,0.0,0.0,PIDIO LISTA DE PRECIOS,1
CARNICERIA LO DE SEBA,BLAS PARERA,AV.BLAS PARERA,10,2026-08-07,1,0,0.0,0.0,VISITAR PROXIMA VUELTA,1
FERRETERIA YACIRETA,BLAS PARERA,BLAS PARERA,10,2026-08-13,1,1,38000.0,0.0,VISITAR PROXIMA VUELTA,1
LAVADERO 2,BLAS PARERA,BLAS PARERA,10,2026-07-28,1,0,0.0,0.0,VISITAR PROXIMA VUELTA,1
LAVADERO EL POLA,BLAS PARERA,AV.BLAS PARERA,10,2026-08-22,3,1,21500.0,0.0,TODAVIA CON STOCK,1
LAVADERO POLA,BLAS PARERA,AV.BLAS PARERA,10,2026-08-05,1,0,0.0,0.0,ME PIDIERON NUMERO PARA LISTA DE PRECIO,1
MINIMERCADO,BLAS PARERA,AV.BLAS PARERA Y AGUADO,10,2026-08-07,1,0,0.0,0.0,VISITAR PROXIMA VUELTA,1
PANADERIA BLAS PARERA,BLAS PARERA,AV.BLAS PARERA,10,2026-08-19,1,0,0.0,0.0,ME PASARON NUMERO DE ENCARGADO,1
VERDULERIA LO DE LEO,BLAS PARERA,AV.BLAS PARERA Y AGUADO,10,2026-08-07,1,0,0.0,0.0,ME PIDIERON NUMERO PARA LISTA DE PRECIO,1
GOLDENBIKE,BOLIVAR,BOLIVAR,10,2026-07-30,1,0,0.0,0.0,FAMILIARES DE ALQUIMIA,1
TRIGO PAN,BOLIVAR,BOLIVAR,10,2026-07-30,1,0,0.0,0.0,PASAR POR CENTRAL DE URQUIZA,1
TALLER SPACIUK,BOUCHARDO,AV.BOUCHARDO,10,2026-08-20,2,0,0.0,0.0,VISITAR PROXIMA VUELTA,1
TRANSPORTER SAUER,BOUCHARDO,AV.BOUCHARDO,10,2026-08-20,1,0,0.0,0.0,VISITAR POR LA MAÑANA,1
LAVADERO ANTONIO,BROWN,AV.BROWN,10,2026-08-19,3,1,33000.0,0.0,TODAVIA CON STOCK,1
LAVADERO CARWAS,BROWN,AV.BROWN,10,2026-08-22,1,0,0.0,0.0,VISITAR PROXIMA VUELTA,1
LAVADERO VIKINGO,BROWN,AV.BROWN,10,2026-08-22,3,2,22200.0,0.0,VISITAR PROXIMA VUELTA,1
LUBRICENTRO DANI,BROWN,AV.BROWN,10,2026-08-22,1,0,0.0,0.0,ME PIDIERON NUMERO PARA LISTA DE PRECIO,1
ROTISERIA POTOTO,BROWN,AV.BROWN,10,2026-08-22,2,0,0.0,0.0,COMPRO EN LOCAL URUGUAY,1
ROTISERIA LOS PINOS,BUENOS AIRES,CALLE BUENOS AIRES Y SGO DEL STERO,10,2026-08-07,1,0,0.0,0.0,VISITAR POR LA MAÑANA,1
ROTISERIA MAS PIZZA,BUENOS AIRES,CALLE BUENOS AIRES,10,2026-08-07,1,0,0.0,0.0,VISITAR PROXIMA VUELTA,1
CARNICERIA LYG,BUSTAMANTE,AV.BUSTAMANTE,10,2026-08-17,2,1,7500.0,0.0,VISITAR PROXIMA VUELTA,1
ESTACION DE SERVICIO DAPSA,BUSTAMANTE,AV.BUSTAMANTE,10,2026-08-11,1,0,0.0,0.0,TRABAJAN UNICAMENTE CON ALCOI,1
LAVADERO ALBERTO,BUSTAMANTE,AV.BUSTAMANTE Y AGUADO,10,2026-08-17,4,2,69500.0,0.0,VISITAR PROXIMA VUELTA,1
LAVADERO OSVALDO,BUSTAMANTE,AV.BUSTAMANTE,10,2026-08-15,1,0,0.0,0.0,ME PIDIERON NUMERO PARA LISTA DE PRECIO,1
MECANICA ALFONZO - PEDRIN,BUSTAMANTE,BUSTAMANTE Y FCO DE ARO,10,2026-08-14,1,0,0.0,0.0,VISITAR PROXIMA VUELTA,1
MECANICA PEDRIN,BUSTAMANTE,AV.BUSTAMANTE,10,2026-08-18,1,0,0.0,0.0,VISITAR PROXIMA VUELTA,1
RECTIFICADORA POSADAS,BUSTAMANTE,AV.BUSTAMANTE,10,2026-08-20,2,0,0.0,0.0,VISITAR PROXIMA VUELTA,1
TALLER ANIBAL,BUSTAMANTE,BUSTAMANTE Y FCO DE ARO,10,2026-08-14,1,0,0.0,0.0,PASAR POR LA MAÑANA,1
TALLER BUSTAMANTE,BUSTAMANTE,AV.BUSTAMANTE,10,2026-08-20,1,0,0.0,0.0,SIN INTERES DE COMPRA,1
CASIMIRO,CABO DE HORNOS,AV.CABO DE HORNOS,10,2026-08-12,1,0,0.0,0.0,PASAR A VISITAR POR OFICINA DE SHOPING -MORENO JOSE,1
FERRETERIA INDUSTRIAL,CABO DE HORNOS,AV.CABO DE HORNOS,10,2026-08-12,1,0,0.0,0.0,ME PIDIERON NUMERO PARA LISTA DE PRECIO,1
LAVADERO CABO DE HORNOS,CABO DE HORNOS,AV.CABO DE HORNOS,10,2026-08-07,1,0,0.0,0.0,ME PIDIERON NUMERO PARA LISTA DE PRECIO,1
AGROVETERINARIA,CABRED,CABRED CASI URUGUAY,10,2026-07-27,1,0,0.0,0.0,"VISITAR DESPUES DE LAS 10 AM ,ME PIDIO NUMERO",1
DESPENSA EL GORDO,CABRED,CABRED CASI URUGUAY,10,2026-07-27,1,0,0.0,0.0,VISITAR DESPUES DE LAS 10 AM,1
LA MAMI DE DANI,CABRED,AV.CABRED,10,2026-08-17,3,2,41600.0,0.0,VISITAR PROXIMA VUELTA,1
PANADERIA LA MAMI DE DANI,CABRED,CABRED CASI URUGUAY,10,2026-08-03,1,1,17000.0,0.0,VISITAR PROXIMA VUELTA,1
RADIO ANDRES,CABRED,CABRED CASI URUGUAY,10,2026-08-04,1,0,0.0,0.0,VISITAR PROXIMA VUELTA,1
SAFITA,CABRED,AV.CABRED,10,2026-08-10,1,0,0.0,0.0,PASAR MIERCOLES 12/08,1
TALLER AGAS - VECINO JUANCHO,CABRED,AV.CABRED,10,2026-08-17,1,0,0.0,0.0,ME PIDIERON NUMERO PARA LISTA DE PRECIO,1
TALLER EZEQUIEL,CABRED,CALLE MORCILLO CASI CABRED,10,2026-08-21,5,4,61750.0,13300.0,SALDO PENDIENTE,1
TALLER JUANJOSE,CABRED,CABRED CASI URUGUAY,10,2026-08-05,1,0,0.0,0.0,CONFIRMA PEDIDO,1
VETERINARIA ITATI,CABRED,CABRED CASI URUGUAY,10,2026-08-04,2,0,0.0,0.0,ME PIDIERON NUMERO PARA LISTA DE PRECIO,1
BICICLETERIA CHACABUCO,CHACABUCO,AV.CHACABUCO,10,2026-07-28,1,0,0.0,0.0,POCO INTERES DE COMPRAS,1
CANCHA DE FUTBOL LA TERRAZA,CHACABUCO,AV.CHACABUCO,10,2026-07-28,1,0,0.0,0.0,ME PIDIO MI NUMERO Y QUE PASE PRESUPUESTO,1
COMPRA VENTA AUTOS HUGO,CHACABUCO,AV.CHACABUCO,10,2026-07-28,1,0,0.0,0.0,ME PIDIO MI NUMERO,1
INDUSTRIA DEL POLLO,CHACABUCO,CHACABUCO,10,2026-08-03,3,2,197300.0,0.0,VISITAR PROXIMA VUELTA,1
TALLER NAVARRO,CHACABUCO,AV.CHACABUCO,10,2026-08-18,3,1,21500.0,0.0,TODAVIA CON STOCK,1
TALLER ROBERTO PERALTA,CHACABUCO,AV.CHACABUCO,10,2026-08-19,1,1,4400.0,0.0,VISITAR PROXIMA VUELTA,1
YPF CHACABUCO,CHACABUCO,AV.CHACABUCO,10,2026-07-28,1,0,0.0,0.0,VISITAR PROXIMA VUELTA,1
ABERTURAS EL REY,COCOMAROLA,CALLE ESQUINA COCOMAROLA,10,2026-07-29,1,0,0.0,0.0,POCO INTERES DE COMPRA,1
FANK REPUESTOS,COCOMAROLA,AV.COCOMAROLA,10,2026-08-14,2,1,17000.0,0.0,VISITAR PROXIMA VUELTA,1
FERRETERIA Y REPUESTOS,COCOMAROLA,AV.COCOMAROLA,10,2026-07-29,1,0,0.0,0.0,PIDIO LISTA DE PRECIOS,1
FERRETERIA Y REPUESTOS SAN ROQUE,COCOMAROLA,AV.COCOMAROLA,10,2026-08-07,1,0,0.0,0.0,VISITAR PROXIMA VUELTA,1
HARD REPUESTOS,COCOMAROLA,AV.COCOMAROLA,10,2026-08-07,1,0,0.0,0.0,ME PIDIERON NUMERO PARA LISTA DE PRECIO,1
HIDRAULICA SAN FRANCISCO,COCOMAROLA,AV.COCOMAROLA,10,2026-07-29,1,0,0.0,0.0,"PASAR PRECIO ,LAVAN.DETER.DESENG.BLANCO",1
MECANICA MARQUEZ,COCOMAROLA,AV.COCOMAROLA,10,2026-07-29,1,0,0.0,0.0,POCO INTERES DE COMPRA,1
MECANICA MOTOREPUESTOS,COCOMAROLA,AV.COCOMAROLA,10,2026-07-29,1,0,0.0,0.0,POCO INTERES DE COMPRA,1
NUESTRAS CARNES SRL,COCOMAROLA,AV.COCOMAROLA,10,2026-07-29,1,0,0.0,0.0,NO ME PUDIERON ATENDER,1
REPUESTOS RS,COCOMAROLA,AV.COCOMAROLA,10,2026-07-29,1,0,0.0,0.0,ME PIDIO MI NUMERO,1
VALENTINO REPUESTOS,COCOMAROLA,AV.COCOMAROLA,10,2026-08-12,2,0,0.0,0.0,QUIERE QUE LE PÁSE LISTA DE PRECIOS Y PLAZO 30 DIAS,1
VETERINARIA ESQUINA,COCOMAROLA,AV.COCOMAROLA,10,2026-07-29,1,0,0.0,0.0,ME PIDIO MI NUMERO,1
YPF COCOMAROLA,COCOMAROLA,AV.COCOMAROLA,10,2026-08-12,1,0,0.0,0.0,ME PIDIERON NUMERO PARA LISTA DE PRECIO,1
GOMERIA JUAN,COLON,COLON,10,2026-07-30,1,0,0.0,0.0,VISITAR PROXIMA VUELTA,1
CARMAK,CORRIENTES,AV.CORRIENTES,10,2026-07-30,1,0,0.0,0.0,ME PIDIO MI NUMERO PARA PASAR PRECIOS,1
IMO AUTOMOVILES,CORRIENTES,AV.CORRIENTES,10,2026-07-30,1,0,0.0,0.0,ME PIDIO MI NUMERO PARA PASAR PRECIOS,1
MECANICA FABRICIO,COSTADO DE A R SERVICIO,CALLE COSTADO DE A.R SERVICIO,10,2026-08-18,1,0,0.0,0.0,VISITAR PROXIMA VUELTA,1
MECANICA GABRIEL,COSTADO DE A R SERVICIO,CALLE COSTADO DE A.R SERVICIO,10,2026-08-18,1,0,0.0,0.0,VISITAR PROXIMA VUELTA,1
TALLER EL TANO,COSTADO DEL TERRITORIO,CALLE COSTADO DEL TERRITORIO,10,2026-08-07,1,0,0.0,0.0,VISITAR LA PROXIMA VUELTA,1
MARCELO FUCHI,COSTADO FJW,CALLE COSTADO FJW,10,2026-07-30,1,1,13700.0,0.0,VISITAR PROXIMA VUELTA,1
DETAILING NICOLAS,COSTADO PLACITA,CALLE COSTADO PLACITA,10,2026-08-07,1,0,0.0,0.0,ESCRIBI AL CLIENTE Y NO ME RESPONDIO,1
TALLER MECANICO DAVID,DE ABERTURA EL REY,CALLE DE ABERTURA EL REY,10,2026-07-29,1,0,0.0,0.0,ME PASARON NUMERO PARA QUE ENVIE PRECIOS,1
HOTEL JULIO CESAR,ENTRE RIOS,ENTRE RIOS,10,2026-07-30,1,0,0.0,0.0,ME PIDIO MI NUMERO PARA PASAR PRECIOS,1
LAVADERO SEBA PEREZ,ENTRE RIOS,ENTRE RIOS,10,2026-07-30,1,0,0.0,0.0,POCO INTERES DE COMPRA,1
LUBRICENTRO PEDRO PERELLI,ENTRE RIOS,ENTRE RIOS,10,2026-07-30,1,0,0.0,0.0,VISITAR PROXIMA VUELTA,1
ROTISERIA CENTRAL PIZZA,ENTRE RIOS,ENTRE RIOS,10,2026-07-30,1,0,0.0,0.0,VISITAR PROXIMA VUELTA,1
CARNICERIA A LADO DE AVA,EVA PERON,AV.EVA PERON,10,2026-08-11,1,0,0.0,0.0,MANDE MENSAJE PERO NO RESPONDIERON,1
CARNICERIA AVA,EVA PERON,AV.EVA PERON,10,2026-08-11,2,1,17000.0,0.0,NO LE GUSTO NUESTRO PRODUCTO,1
FERRETERIA EL TREBOL,EVA PERON,EVA PERON,10,2026-07-31,1,0,0.0,0.0,ME PASARON NUMERO PARA QUE ENVIE PRECIOS,1
TALLER HENKES,EVA PERON,AV.EVA PERON,10,2026-08-18,1,0,0.0,0.0,"NO ESTABA EL ENCARGADO,VISITAR PROXIMA VUELTA",1
CARNICERIA DON ALEJO,FCO DE ARO,AV.FCO DE ARO,10,2026-08-11,1,0,0.0,0.0,ME PIDIERON NUMERO PARA LISTA DE PRECIO,1
CARNICERIA Y VERDULERIA - TETO,FCO DE ARO,FCO DE ARO Y BUSTAMANTE,10,2026-08-14,1,0,0.0,0.0,PASAR POR LA TARDE,1
CONSECIONARIO GRAND PRIX,FCO DE ARO,FCO DE ARO,10,2026-07-28,1,0,0.0,0.0,VISITAR PROXIMA VUELTA,1
HOTEL FCO DE ARO,FCO DE ARO,FRANCISCO DE ARO,10,2026-07-27,1,0,0.0,0.0,"TRABAJAN CON ALQUIMIA,ME PIDIO MI NUMERO",1
LUBRICENTRO SIMOVIL,FCO DE ARO,FRANCISCO DE ARO,10,2026-07-27,1,0,0.0,0.0,ESTAN CERRANDO,1
RADIO ANDRES FCO DE ARO,FCO DE ARO,FRANCISCO DE ARO,10,2026-07-27,1,0,0.0,0.0,VISITAR EN CABRED,1
ROTISERIA LA ESQUINA,FCO DE ARO,FCO DE ARO Y CABRED,10,2026-07-28,1,0,0.0,0.0,ME PASARON NUMERO PARA QUE ENVIE PRECIOS,1
SUPERMERCADO SUPER FRANCISCO,FCO DE ARO,FRANCISCO DE ARO,10,2026-07-27,1,0,0.0,0.0,VISITAR PROXIMA VUELTA,1
TALLER MAZZUCHINI,FCO DE ARO,FRANCISCO DE ARO,10,2026-07-27,1,0,0.0,0.0,"ESTAN INTERESADOS EN COMPRAR ,DEJAR MUESTRAS",1
TALLER RAUL,FCO DE ARO,FRANCISCO DE ARO,10,2026-07-27,1,1,12000.0,0.0,POCO INTERES DE COMPRAS,1
TALLER TOTI,FCO DE ARO,AV.FCO DE ARO,10,2026-08-18,3,2,33000.0,0.0,VISITAR PROXIMA VUELTA,1
TALLER YAPEYU,FCO DE ARO,FRANCISCO DE ARO,10,2026-07-27,1,0,0.0,0.0,VISITAR PROXIMA VUELTA,1
TALLER YOU,FCO DE ARO,AV.FCO DE ARO,10,2026-08-22,3,2,33000.0,17000.0,SALDO PENDIENTE,1
TALLER YOU SUSPENSIONES,FCO DE ARO,FCO DE ARO,10,2026-07-28,1,0,0.0,0.0,VISITAR PROXIMA VUELTA,1
TAPICERIA GONZALEZ,FCO DE ARO,FCO DE ARO Y CALLE 122,10,2026-07-27,1,0,0.0,0.0,POCO INTERES DE COMPRAS,1
VETERINARIA ANIMAL WORK,FCO DE ARO,FRANCISCO DE ARO,10,2026-07-27,1,0,0.0,0.0,VISITAR EN AV TACUARI DE 08 A 14,1
TALLER MONTIEL,FRANCIA,CALLE FRANCIA,10,2026-08-21,1,1,11400.0,0.0,VISITAR PROXIMA VUELTA,1
CRUCERO DEL NORTE,GARUPA,GARUPA,10,2026-08-20,1,0,0.0,0.0,ME PIDIERON NUMERO PARA LISTA DE PRECIO,1
DIEGO TOHT,GARUPA,GARUPA,10,2026-08-20,2,1,152500.0,0.0,VISITAR PROXIMA VUELTA,1
FERRETERIA SANDRA,GARUPA,GARUPA,10,2026-08-20,2,0,0.0,0.0,VISITAR PROXIMA VUELTA,1
GYM ESQUINA,GARUPA,GARUPA,10,2026-08-03,1,0,0.0,0.0,ME PASARON NUMERO PARA ENVIAR LISTA DE PRECIOS,1
MECANICA WALTER,GARUPA,GARUPA,10,2026-08-20,1,0,0.0,0.0,VISITAR PROXIMA VUELTA,1
TALLER BOSH,HERRERA,HERRERA,10,2026-07-28,1,0,0.0,0.0,VISITAR PROXIMA VUELTA,1
TALLER MIERES,HERRERA,CALLE HERRERA,10,2026-08-11,1,0,0.0,0.0,VISITAR PROXIMA VUELTA,1
BUTIQUE EMA,ITAEMBE GUAZU,ITAEMBE GUAZU,10,2026-08-04,1,0,0.0,0.0,SIN INTERES DE COMPRA,1
CANCHA FUTBOL 5 EL TEMPLO,ITAEMBE GUAZU,ITAEMBE GUAZU,10,2026-08-06,1,1,88300.0,0.0,VISITAR PROXIMA VUELTA,1
FERRETERIA PICO Y PALA,ITAEMBE GUAZU,ITAEMBE GUAZU,10,2026-08-04,1,0,0.0,0.0,INTERESADOS EN LISTA DE PRECIO,1
LOCAL EMA,ITAEMBE GUAZU,ITAEMBE GUAZU,10,2026-08-04,1,0,0.0,0.0,SIN INTERES DE COMPRA,1
LUBRICENTRO GARUPA DE I.GUAZU,ITAEMBE GUAZU,ITAEMBE GUAZU,10,2026-08-04,1,0,0.0,0.0,INTERESADOS EN MEKASIL Y BB POR 20,1
LUBRICENTRO ITAEMBE GUAZU,ITAEMBE GUAZU,ITAEMBE GUAZU,10,2026-08-04,1,0,0.0,0.0,SIN INTERES DE COMPRA,1
PANADERIA THIAGO,ITAEMBE GUAZU,ITAEMBE GUAZU,10,2026-08-04,1,0,0.0,0.0,"INTERESADOS ,ME PIDIERON NUMERO",1
REGALERIA EMA,ITAEMBE GUAZU,ITAEMBE GUAZU,10,2026-08-04,1,0,0.0,0.0,SIN INTERES DE COMPRA,1
SUPERMERCADO CHINO,ITAEMBE GUAZU,ITAEMBE GUAZU,10,2026-08-04,1,0,0.0,0.0,SIN INTERES DE COMPRA,1
SUPERMERCADO MAYORISTA,ITAEMBE GUAZU,ITAEMBE GUAZU,10,2026-08-04,1,0,0.0,0.0,ME PASARON NUMERO PARA ENVIAR LISTA DE PRECIOS,1
YPF COLECTORA,ITAEMBE GUAZU,ITAEMBE GUAZU,10,2026-08-04,2,0,0.0,0.0,ME PIDIERON NUMERO PARA LISTA DE PRECIO,1
AXION,ITAEMBE MINI,ITAEMBE MINI,10,2026-08-04,1,0,0.0,0.0,"SIN INTERES DE COMPRA,TRABAJAN CON NORDESTE",1
LAVADERO ANGEL,ITAEMBE MINI,ITAEMBE MINI,10,2026-08-14,1,0,0.0,0.0,VISITAR PROXIMA VUELTA,1
LAVADERO ITAEMBE MINI,ITAEMBE MINI,ITAEMBE MINI,10,2026-08-04,1,0,0.0,0.0,ME PIDIERON NUMERO PARA LISTA DE PRECIO,1
CLUB LUZ Y FUERZA,ITUZAINGO,AV.ITUZAINGO,10,2026-07-31,1,0,0.0,0.0,ME PIDIO MI NUMERO PARA PASAR PRECIOS,1
FERRETERIA RYM,ITUZAINGO,AV.ITUZAINGO,10,2026-07-31,1,0,0.0,0.0,ME PIDIERON MI NUMERO,1
LAVADERO ESQUINA,ITUZAINGO,AV.ITUZAINGO,10,2026-07-31,1,0,0.0,0.0,SIN INTERES DE COMPRA,1
REPUESTOS PELOSO,ITUZAINGO,AV.ITUZAINGO,10,2026-08-19,4,2,34400.0,0.0,VISITAR PROXIMA VUELTA,1
ROTISERIA LO DE JUAN,ITUZAINGO,AV.ITUZAINGO,10,2026-07-31,1,1,17600.0,0.0,VISITAR PROXIMA VUELTA,1
ROTISERIA LO DE JUAN - PAOLA,ITUZAINGO,AV.ITUZAINGO,10,2026-08-17,1,0,0.0,0.0,TODAVIA CON STOCK,1
TALLER ALEJANDRO,ITUZAINGO,AV.ITUZAINGO,10,2026-08-19,1,0,0.0,0.0,ME PIDIERON NUMERO PARA LISTA DE PRECIO,1
TALLER PEDRO,ITUZAINGO,AV ITUZAINGO,10,2026-08-04,1,1,11400.0,0.0,VISITAR PROXIMA VUELTA,1
CONSECIONARIO LOS AMIGOS,JAURETCHE,AV.JAURETCHE,10,2026-07-31,1,0,0.0,0.0,ME PASARON NUMERO PARA QUE ENVIE PRECIOS,1
CRISTINA MAMA,JAURETCHE,JAURETCHE Y ANDRESITO,10,2026-08-13,1,1,10400.0,0.0,ME LLAMA PARA EL PROXIMO PEDIDO,1
DARIO FERREIRA,JAURETCHE,JAURETCHE Y ANDRESITO,10,2026-08-15,1,0,0.0,0.0,ME LLAMA PARA EL PROXIMO PEDIDO,1
DESPENSA JOSELO,JAURETCHE,JAURETCHE Y ANDRESITO,10,2026-08-15,1,0,0.0,0.0,ME LLAMA PARA EL PROXIMO PEDIDO,1
LUBRICENTRO LUBRY,JAURETCHE,JAURETCHE,10,2026-07-28,1,0,0.0,0.0,POCO INTERES DE COMPRA,1
PANADERIA NUEVOS SABORES,JAURETCHE,AV.JAURETCHE,10,2026-07-31,1,0,0.0,0.0,SIN INTERES DE COMPRA,1
OPEN 24,JUJUY,JUJUY CASI CORDOBA,10,2026-08-07,1,0,0.0,0.0,ME PIDIERON NUMERO PARA LISTA DE PRECIO,1
LAVADERO WALTER,LAS HERAS,AV.LAS HERAS,10,2026-08-22,1,0,0.0,0.0,VISITAR PROXIMA VUELTA,1
FERRETERIA STAR,LAVALLE,AV.LAVALLE,10,2026-08-20,3,0,0.0,0.0,"NO ESTABA EL ENCARGADO,VISITAR PROXIMA VUELTA",1
LA CASA DEL CERDO,LAVALLE,AV.LAVALLE,10,2026-08-06,1,0,0.0,0.0,TRABAJAN CON ALQUIMIA,1
LAVADERO LAVALLE,LAVALLE,AV.LAVALLE,10,2026-07-29,1,0,0.0,0.0,ME PIDIERON MI NUMERO,1
GYM A LADO IMPERIUM,LOPEZ Y PLANES,AV.LOPEZ Y PLANES,10,2026-08-13,1,0,0.0,0.0,PASAR POR LA MAÑANA,1
GYM IMPERIUM,LOPEZ Y PLANES,AV.LOPEZ Y PLANES,10,2026-08-21,4,4,274600.0,0.0,VISITAR PROXIMA VUELTA,1
LAVADERO HUGO,LOPEZ Y PLANES,AV.LOPEZ Y PLANES,10,2026-08-17,3,1,50000.0,0.0,CERRADO,1
LAVADERO PARANA,LOPEZ Y PLANES,LOPEZ Y PLANES,10,2026-07-27,1,0,0.0,0.0,PIDIO PRESUPUESTO DE MEKA Y BB POR 20,1
PUNTO CARNICERIA,LOPEZ Y PLANES,LOPEZ Y PLANES,10,2026-08-03,1,1,88200.0,0.0,VISITAR PROXIMA VUELTA,1
REPOSICIONES,LOPEZ Y PLANES,AV.LOPEZ Y PLANES,10,2026-08-15,1,0,0.0,0.0,PASAR POR LA TARDE POR GARUPA,1
RESTAURANTE BISTRO,LOPEZ Y PLANES,LOPEZ Y PLANES,10,2026-07-29,1,0,0.0,0.0,VISITAR POR LA MAÑANA,1
RESTAURANTE MENDIETA,LOPEZ Y PLANES,LOPEZ Y PLANES,10,2026-07-29,1,0,0.0,0.0,VISITAR POR LA MAÑANA,1
TALLER EL GALLEGO,LOPEZ Y PLANES,CALLE PARALELA A L.YPLANES,10,2026-08-17,3,1,21500.0,0.0,TODAVIA CON STOCK,1
YPF ROCAMORA,LOPEZ Y PLANES,AV.LOPEZ Y PLANES,10,2026-08-19,5,0,0.0,0.0,VISITAR PROXIMA VUELTA,1
CANCHA DE PADEL,MAIPU,AV.MAIPU,10,2026-07-28,1,0,0.0,0.0,ME PASARON NUMERO PARA QUE ENVIE PRECIOS,1
EMBRAGUES DA-GAR,MAIPU,AV.MAIPU,10,2026-08-10,1,0,0.0,0.0,ME PIDIERON NUMERO PARA LISTA DE PRECIO,1
CONSUMIDOR FINAL,MARCONI,MARCONI,10,2026-08-21,2,2,90700.0,0.0,ME LLAMA PARA EL PROXIMO PEDIDO,1
CARNICERIA GRANJA ISABEL,MARTIN FIERRO,AV.MARTIN FIERRO,10,2026-08-19,1,0,0.0,0.0,PASA PRESUPUESTO,1
CLUB MITRE,MARTIN FIERRO,AV.MARTIN FIERRO,10,2026-07-29,1,0,0.0,0.0,ME PASARON NUMERO PARA QUE ENVIE PRECIOS,1
INYECAR,MARTIN FIERRO,MARTIN FIERRO,10,2026-07-31,1,0,0.0,0.0,VISITAR PROXIMA VUELTA,1
KIOSKO,MARTIN FIERRO,MARTIN FIERRO,10,2026-07-31,1,0,0.0,0.0,ME PIDIO MI NUMERO PARA PASAR PRECIOS,1
LAVADERO DEIVI,MARTIN FIERRO,MARTIN FIERRO,10,2026-08-05,1,0,0.0,0.0,ME PIDIERON NUMERO PARA LISTA DE PRECIO,1
LAVADERO STYLE,MARTIN FIERRO,MARTIN FIERRO,10,2026-07-28,1,0,0.0,0.0,"POCO INTERES DE COMPRAS,YA TIENE PROVEEDOR",1
PILATES,MARTIN FIERRO,MARTIN FIERRO,10,2026-07-31,1,0,0.0,0.0,VISITAR PROXIMA VUELTA,1
SUSPENSIONES FUCHI,MAZZA,AV.MAZZA,10,2026-08-07,1,1,14900.0,0.0,VISITAR LA PROXIMA,1
A.R SERVICIOS,MONSENOR DE ANDREA,AV.MONSENOR DE ANDREA,10,2026-08-18,1,1,44300.0,0.0,VISITAR PROXIMA VUELTA,1
CANCHA FUTBOL 5 ACTIVATE,MONSENOR DE ANDREA,AV.MONSENOR DE ANDREA,10,2026-08-19,1,0,0.0,0.0,VISITAR PROXIMA VUELTA,1
GYM ACTIVATE,MONSENOR DE ANDREA,AV.MONSENOR DE ANDREA,10,2026-08-19,1,0,0.0,0.0,VISITAR PROXIMA VUELTA,1
TALLER MARQUITOS,MONSENOR DE ANDREA,AV.MONSENOR DE ANDREA,10,2026-08-19,1,0,0.0,0.0,VISITAR PROXIMA VUELTA,1
BOUTIQUE SALUDABLE,MONTEAGUDO,AV MONTEAGUDO,10,2026-08-04,1,0,0.0,0.0,SIN INTERES DE COMPRA,1
CARNICERIA FATIMA,MONTEAGUDO,AV.MONTEGUDO,10,2026-08-13,1,0,0.0,0.0,"NO ESTABA EL ENCARGADO,VISITAR PROXIMA VUELTA",1
CARNICERIA GRANJA ELDORADO,MONTEAGUDO,AV MONTEAGUDO,10,2026-08-04,1,0,0.0,0.0,VISITAR PROXIMA VUELTA,1
LUBRICENTRO ALE ESPOSITO,PARALELA URUGUAY,CALLE PARALELA URUGUAY,10,2026-08-18,1,0,0.0,0.0,ME LLAMA PARA EL PROXIMO PEDIDO,1
DAVID REFRIGERACIONES,QUARANTA,AV.QUARANTA,10,2026-07-27,1,0,0.0,0.0,VISITAR EL 11/08,1
DORACI,QUARANTA,AV.QUARANTA,10,2026-07-27,1,0,0.0,0.0,SIN INTERES DE COMPRA,1
FABRICA EL EDEN,QUARANTA,AV.QUARANTA,10,2026-08-15,1,0,0.0,0.0,ME PIDIERON NUMERO PARA LISTA DE PRECIO,1
FERRETERIA A LADO DE PLACAS,QUARANTA,AV.QUARANTA,10,2026-08-11,1,0,0.0,0.0,ME PIDIERON NUMERO PARA LISTA DE PRECIO,1
FERRETERIA EL CRUCE,QUARANTA,AV.QUARANTA,10,2026-08-12,2,0,0.0,0.0,SE LE ENTREGO PRESUPUESTO,1
FERRETERIA MARCELO,QUARANTA,AV.QUARANTA,10,2026-08-19,1,0,0.0,0.0,PASA PRESUPUESTO,1
GAS MONKEY JAVIER,QUARANTA,AV.QUARANTA,10,2026-08-14,1,1,9000.0,0.0,VISITAR PROXIMA VUELTA,1
GODOY,QUARANTA,AV.QUARANTA,10,2026-07-29,1,0,0.0,0.0,VISITAR PROXIMA VUELTA,1
HOTEL LA MISION,QUARANTA,AV.QUARANTA,10,2026-08-19,2,0,0.0,0.0,PASA PRESUPUESTO,1
HOTEL OAKY,QUARANTA,AV.QUARANTA,10,2026-08-12,3,2,101100.0,0.0,VISITAR PROXIMA VUELTA,1
JAVIER CHILAVERT,QUARANTA,AV.QUARANTA,10,2026-08-08,1,0,0.0,0.0,ME PIDIERON NUMERO PARA LISTA DE PRECIO,1
LA RECETA,QUARANTA,AV.QUARANTA,10,2026-07-28,2,0,0.0,0.0,ME PASARON NUMERO PARA QUE ENVIE PRECIOS,1
MOTOCENTER,QUARANTA,AV.QUARANTA,10,2026-08-19,2,0,0.0,0.0,VISITAR PROXIMA VUELTA,1
MULTIMARCAS DANIEL,QUARANTA,AV.QUARANTA,10,2026-08-05,1,0,0.0,0.0,POR EL MOMENTO NO REALIZA COMPRAS,1
OLEO HIDRAULICA,QUARANTA,AV.QUARANTA,10,2026-08-20,1,0,0.0,0.0,LLEVAR MUESTRA,1
OMAR CHILAVERT,QUARANTA,AV.QUARANTA,10,2026-08-20,1,1,30300.0,30300.0,SALDO PENDIENTE,1
PANADERIA PANAFLIA,QUARANTA,AV.QUARANTA,10,2026-08-12,3,1,17000.0,0.0,EL JEFE DE ELLOS REALIZO COMPRAS DE LIMPIEZA,1
PLACAS POSADAS,QUARANTA,AV.QUARANTA,10,2026-08-19,4,2,76400.0,0.0,VISITAR PROXIMA VUELTA,1
RIO URUGUAY,QUARANTA,AV.QUARANTA,10,2026-08-05,1,0,0.0,0.0,ME PASARON NUMERO ENCARGADO,1
TALLER GAS MONKEY,QUARANTA,AV.QUARANTA,10,2026-07-27,1,0,0.0,0.0,VISITAR PROXIMA VUELTA,1
CLIENTE NOELIA,RAMIREZ,GENERAL RAMIREZ,10,2026-08-06,1,1,21930.0,0.0,ME LLAMA PARA EL PROXIMO PEDIDO,1
ROTISERIA JOAQUINITO,RIOJA,CALLE RIOJA,10,2026-08-07,1,0,0.0,0.0,ME PIDIERON NUMERO PARA LISTA DE PRECIO,1
LA CASA DEL PISO FLOTANTE,ROSALES,CTE ROSALES,10,2026-08-06,1,1,12200.0,12200.0,SALDO PENDIENTE,1
CARLOS ENRIQUE,RUTA 12,RUTA 12,10,2026-08-21,1,0,0.0,0.0,PASAR PRESUPUESTO,1
CHEVROLET GONZALEZ,RUTA 12,RUTA 12,10,2026-08-13,1,0,0.0,0.0,ME PIDIERON NUMERO PARA LISTA DE PRECIO,1
EXPRESO SINGER,RUTA 12,RUTA 12,10,2026-08-14,2,1,1500000.0,1500000.0,SALDO PENDIENTE,1
PANADERIA PETRI,RUTA 12,RUTA 12,10,2026-08-21,3,0,0.0,0.0,PASAR PRESUPUESTO,1
DELIDRYNK,SALTA,SALTA Y JUNIN,10,2026-08-01,1,0,0.0,0.0,ME PASARON NUMERO DE ENCARGADO,1
ROTISERIA BLANCA NIEVES,SAN LORENZO,SAN LORENZO,10,2026-07-30,1,0,0.0,0.0,SIN INTERES DE COMPRA,1
AGUILA DORADA,SAN MARTIN,AV.SAN MARTIN,10,2026-08-20,2,0,0.0,0.0,VISITAR PROXIMA VUELTA,1
EST.DE SERV.AXION,SAN MARTIN,AV.SAN MARTIN Y QUARANTA,10,2026-07-27,2,0,0.0,0.0,VISITAR CENTRAL DE QUARANTA 03/08,1
ESTACION DE SERVICIO AXION,SAN MARTIN,SAN MARTIN Y QUARANTA,10,2026-08-05,1,0,0.0,0.0,ME PIDIERON NUMERO PARA LISTA DE PRECIO,1
FERRETERIA DUETE,SAN MARTIN,AV.SAN MARTIN,10,2026-07-29,1,0,0.0,0.0,ME PASARON NUMERO PARA QUE ENVIE PRECIOS,1
FERRETERIA FERRO80,SAN MARTIN,AV.SAN MARTIN,10,2026-08-06,1,0,0.0,0.0,ME PIDIERON NUMERO PARA LISTA DE PRECIO,1
GYM DOMINIUS,SAN MARTIN,AV.SAN MARTIN,10,2026-08-18,2,2,48730.0,0.0,VISITAR PROXIMA VUELTA,1
GYM DOMINUS,SAN MARTIN,AV.SAN MARTIN,10,2026-07-27,1,1,9800.0,0.0,VISITAR PROXIMA VUELTA,1
LAVADERO FABRICIO,SAN MARTIN,AV.SAN MARTIN,10,2026-08-18,1,1,74300.0,20000.0,CANCELO SALDO PENDIENTE,1
MECANICA SUAREZ,SAN MARTIN,AV.SAN MARTIN,10,2026-08-22,3,1,49000.0,0.0,"NO ESTABA EL ENCARGADO,VISITAR PROXIMA VUELTA",1
PANADERIA TACUARI,SAN MARTIN,AV.SAN MARTIN,10,2026-08-07,2,0,0.0,0.0,VISITAR POR LA MAÑANA,1
PLACAS NORTE,SAN MARTIN,AV.SAN MARTIN,10,2026-08-20,2,1,217060.0,0.0,VISITAR PROXIMA VUELTA,1
RADIADORES BETO,SAN MARTIN,AV.SAN MARTIN,10,2026-08-17,2,1,21100.0,0.0,TODAVIA CON STOCK,1
REPUESTOS ENRIQUE,SAN MARTIN,AV.SAN MARTIN,10,2026-07-29,1,0,0.0,0.0,VISITAR PROXIMA VUELTA,1
TALLER EDUARDO,SAN MARTIN,AV.SAN MARTIN,10,2026-08-19,1,0,0.0,0.0,VISITAR PROXIMA VUELTA,1
TALLER ENRIQUE,SAN MARTIN,AV.SAN MARTIN,10,2026-08-17,3,1,43000.0,0.0,TODAVIA CON STOCK,1
TALLER GERARDO,SAN MARTIN,AV.SAN MARTIN,10,2026-08-11,1,0,0.0,0.0,ME PIDIERON NUMERO PARA LISTA DE PRECIO,1
TALLER SAN ALBERTO,SAN MARTIN,AV.SAN MARTIN,10,2026-08-19,1,0,0.0,0.0,VISITAR PROXIMA VUELTA,1
TALLER SHAGY,SAN MARTIN,AV.SAN MARTIN,10,2026-08-05,1,0,0.0,0.0,SIN INTERES DE COMPRA,1
TALLER SUAREZ,SAN MARTIN,AV.SAN MARTIN,10,2026-07-29,1,0,0.0,0.0,VISITAR PROXIMA VUELTA,1
CLUB ATLETICO POSADAS,SANTA CATALINA,AV.SANTA CATALINA,10,2026-07-29,1,0,0.0,0.0,ME PIDIERON MI NUMERO,1
HOTEL BATISTA,SANTA CATALINA,AV.SANTA CATALINA,10,2026-08-15,2,0,0.0,0.0,VISITAR MARTES 18/08,1
HOTEL SANTA CATALINA,SANTA CATALINA,AV.SANTA CATALINA,10,2026-08-15,1,0,0.0,0.0,VISITAR PROXIMA VUELTA,1
LAVADERO NEW STILO,SANTA CATALINA,AV.SANTA CATALINA,10,2026-08-18,1,0,0.0,0.0,VISITAR PROXIMA VUELTA,1
TALLER EMILIO,SANTA CATALINA,AV.SANTA CATALINA,10,2026-08-20,1,1,21500.0,21500.0,SALDO PENDIENTE,1
TALLER MYM,SANTA CATALINA,AV.SANTA CATALINA,10,2026-08-18,1,1,21500.0,0.0,VISITAR PROXIMA VUELTA,1
FERRETERIA FORTIN,SANTA CRUZ,AV.SANTA CRUZ,10,2026-08-10,1,1,10400.0,0.0,VISITAR PROXIMA VUELTA,1
LAVADERO ZN,SANTA CRUZ,AV.SANTA CRUZ,10,2026-07-29,2,1,33000.0,0.0,VISITAR PROXIMA VUELTA,1
LAVADERO ZN SEBA,SANTA CRUZ,AV.SANTA CRUZ,10,2026-08-22,3,3,126000.0,0.0,VISITAR PROXIMA VUELTA,1
LUBRICENTRO HUGO,SANTA CRUZ,AV.SANTA CRUZ,10,2026-08-21,2,0,0.0,0.0,"NO ESTABA EL ENCARGADO,VISITAR PROXIMA VUELTA",1
LUBRICENTRO HUGO SANTA CRUZ,SANTA CRUZ,AV.SANTA CRUZ,10,2026-07-29,1,1,19200.0,0.0,VISITAR PROXIMA VUELTA,1
TALLER VICTOR,SANTA CRUZ,AV.SANTA CRUZ,10,2026-08-21,3,1,13200.0,0.0,VISITAR PROXIMA VUELTA,1
LAVADERO STAIL,SORIA,CALLE SORIA,10,2026-07-28,1,0,0.0,0.0,COMPRA A GUIDO,1
EVENTOS TACUARI,TACUARI,AV.TACUARI,10,2026-08-07,1,1,17000.0,0.0,VISITAR PROXIMA VUELTA,1
FERRETERIA TACUARI,TACUARI,AV.TACUARI,10,2026-08-13,2,0,0.0,0.0,ME PIDIERON NUMERO PARA LISTA DE PRECIO,1
FRANK REPUESTOS,TACUARI,AV.TACUARI,10,2026-07-28,1,0,0.0,0.0,VISITAR CENTRAL COCOMAROLA,1
GRANJA POLLOS,TACUARI,AV.TACUARI,10,2026-08-07,1,0,0.0,0.0,POR EL MOMENTO NO REALIZA COMPRAS,1
LAVADERO YONI,TACUARI,AV.TACUARI,10,2026-07-29,1,0,0.0,0.0,POCO INTERES DE COMPRA,1
LUBRICENTRO R18,TACUARI,AV.TACUARI,10,2026-08-17,3,1,28000.0,0.0,CANCELO SALDO PENDIENTE,1
POLLERIA LA GRANJA,TACUARI,AV.TACUARI,10,2026-08-06,1,0,0.0,0.0,VISITAR POR LA MAÑANA,1
REPUESTOS VICTORIA,TACUARI,AV.TACUARI,10,2026-08-05,1,0,0.0,0.0,ME PIDIERON NUMERO PARA LISTA DE PRECIO,1
VELONA MOTOS,TACUARI,AV.TACUARI,10,2026-07-28,1,0,0.0,0.0,TRAEN DIRECTO DE ALEM,1
LAVADERO POSADAS,TIERRA DEL FUEGO,AV.TIERRA DELFUEGO,10,2026-08-10,3,0,0.0,0.0,VISITAR DESPUES DE LAS 13HR,1
RECTIFICADORA MARTINEZ,TIERRA DEL FUEGO,CALLE COSTADO TIERRA DEL FUEGO,10,2026-08-12,1,0,0.0,0.0,ME PIDIERON NUMERO PARA LISTA DE PRECIO,1
SERVANDO MENOR,TIERRA DEL FUEGO,TIERRA DEL FUEGO,10,2026-08-04,2,0,0.0,0.0,SE LE ENTREGO PRESUPUESTO,1
LAVADERO JOSE,TOMAS GUIDO,AV.TOMAS GUIDO,10,2026-08-05,2,0,0.0,0.0,VISITAR PROXIMA VUELTA,1
LAVADERO MENTI,TOMAS GUIDO,AV.TOMAS GUIDO Y CENTENARIO,10,2026-08-21,2,1,54400.0,22200.0,SALDO PENDIENTE,1
LAVADERO NAIN,TOMAS GUIDO,AV.TOMAS GUIDO,10,2026-08-05,1,0,0.0,0.0,VISITAR PROXIMA VUELTA,1
LAVADERO POCHI,TOMAS GUIDO,AV.TOMAS GUIDO,10,2026-08-18,1,0,0.0,0.0,VISITAR PROXIMA VUELTA,1
LOCOS POR LA CARNE,TOMAS GUIDO,AV.TOMAS GUIDO,10,2026-08-15,2,0,0.0,0.0,VISITAR PROXIMA VUELTA,1
LAVADERO LUIS - BESVERGI,TRINCHERA,AV.TRINCHERA,10,2026-08-18,2,0,0.0,0.0,VISITAR PROXIMA VUELTA,1
MECANICA NEGRI PELOSO,URQUIZA,AV.URQUIZA,10,2026-08-18,1,1,25000.0,0.0,VISITAR PROXIMA VUELTA,1
ESTACION DE SERVICIO SHELL,URUGUAY,AV.URUGUAY,10,2026-08-10,2,0,0.0,0.0,PASAR DE 11AM A 16PM,1
ESTILO CAR,URUGUAY,AV.URUGUAY,10,2026-08-10,1,1,47400.0,0.0,ME PIDIERON NUMERO PARA LISTA DE PRECIO,1
YPF,URUGUAY,AV.URUGUAY,10,2026-08-22,2,0,0.0,0.0,VISITAR MARTES Y HABLAR CON ALBERTO,1
COMPRA PARTICULAR CONTACTO SARA,VILLA CABELLO,VILLA CABELLO,10,2026-07-28,2,2,25600.0,0.0,LLAMA PARA PROXIMO PEDIDO,1
DISTRIBUIDORA DE POLLO,VILLA CABELLO,VILLA CABELLO,10,2026-07-27,1,0,0.0,0.0,VISITAR POR LA MAÑANA,1
FERRETERIA SEBASTIAN,VILLA CABELLO,VILLA CABELLO,10,2026-08-18,1,0,0.0,0.0,ME PIDIERON NUMERO PARA LISTA DE PRECIO,1
GOMERIA /LAVADERO,VILLA CABELLO,VILLA CABELLO,10,2026-07-28,1,0,0.0,0.0,VISITAR PROXIMA VUELTA,1
LAVADERO ESQUINA BLAS PARERA,VILLA CABELLO,VILLA CABELLO,10,2026-07-28,1,0,0.0,0.0,"POCO INTERES DE COMPRA,YA TIENE PROVEEDOR",1
LAVADERO PULPITO,VILLA CABELLO,VILLA CABELLO,10,2026-07-31,1,0,0.0,0.0,ME PASARON NUMERO PARA QUE ENVIE PRECIOS,1
MUEBLERIA SANTA FE,VILLA CABELLO,VILLA CABELLO,10,2026-07-28,1,0,0.0,0.0,VISITAR PROXIMA VUELTA,1
PANADERIA SALINAS,VILLA CABELLO,VILLA CABELLO,10,2026-07-31,2,0,0.0,0.0,ME PIDIO MI NUMERO PARA PASAR PRECIOS,1
SHOWRROM,VILLA CABELLO,VILLA CABELLO,10,2026-07-28,1,0,0.0,0.0,POCO INTERES DE COMPRA,1
VETERINARIA HUELLITAS,VILLA CABELLO,VILLA CABELLO,10,2026-08-18,2,1,9000.0,0.0,VISITAR PROXIMA VUELTA,1
LAVADERO SERGIO,ZAPIOLA,AV.ZAPIOLA,10,2026-08-05,1,0,0.0,0.0,VISITAR PROXIMA VUELTA,1
