fecha,cliente,zona,compro,articulos,forma_pago,monto,saldo_pendiente,observaciones
2026-07-27,EST.DE SERV.AXION,CABRED Y URUGUAY,0,,,0.0,0.0,VISITAR CENTRAL DE QUARANTA 03/08
2026-07-27,LA MAMI DE DANI,CABRED CASI URUGUAY,0,,,0.0,0.0,VISITAR PROXIMA VUELTA
2026-07-27,DESPENSA EL GORDO,CABRED CASI URUGUAY,0,,,0.0,0.0,VISITAR DESPUES DE LAS 10 AM
2026-07-27,AGROVETERINARIA,CABRED CASI URUGUAY,0,,,0.0,0.0,"VISITAR DESPUES DE LAS 10 AM ,ME PIDIO NUMERO"
2026-07-27,VETERINARIA ITATI,FRANCISCO DE ARO,0,,,0.0,0.0,ME PIDIO MI NUMERO
2026-07-27,TALLER MAZZUCHINI,FRANCISCO DE ARO,0,,,0.0,0.0,"ESTAN INTERESADOS EN COMPRAR ,DEJAR MUESTRAS"
2026-07-27,HOTEL FCO DE ARO,FRANCISCO DE ARO,0,,,0.0,0.0,"TRABAJAN CON ALQUIMIA,ME PIDIO MI NUMERO"
2026-07-27,VETERINARIA ANIMAL WORK,FRANCISCO DE ARO,0,,,0.0,0.0,VISITAR EN AV TACUARI DE 08 A 14
2026-07-27,RADIO ANDRES FCO DE ARO,FRANCISCO DE ARO,0,,,0.0,0.0,VISITAR EN CABRED
2026-07-27,TALLER TOTI,FRANCISCO DE ARO,1,1 ROLLO ECOLOGICO,EFECTIVO,11500.0,0.0,VISITAR PROXIMA VUELTA
2026-07-27,LUBRICENTRO SIMOVIL,FRANCISCO DE ARO,0,,,0.0,0.0,ESTAN CERRANDO
2026-07-27,SUPERMERCADO SUPER FRANCISCO,FRANCISCO DE ARO,0,,,0.0,0.0,VISITAR PROXIMA VUELTA
2026-07-27,EST.DE SERV.AXION,AV.SAN MARTIN Y QUARANTA,0,,,0.0,0.0,VISITAR CENTRAL DE QUARANTA 03/08
2026-07-27,DORACI,AV.QUARANTA,0,,,0.0,0.0,SIN INTERES DE COMPRA
2026-07-27,PANADERIA PANAFLIA,AV.QUARANTA,1,1-DETER.1-LAVA.1-LIMP.P,EFECTIVO,17000.0,0.0,VISITAR PROXIMA VUELTA
2026-07-27,HOTEL OAKY,AV.QUARANTA,1,3-HIPOC.1-LIMP.P,EFECTIVO,23100.0,0.0,VISITAR PROXIMA VUELTA
2026-07-27,GYM DOMINUS,AV.SAN MARTIN,1,1-LIMP.P-2-TRAPOS PISO,EFECTIVO,9800.0,0.0,VISITAR PROXIMA VUELTA
2026-07-27,TALLER YAPEYU,FRANCISCO DE ARO,0,,,0.0,0.0,VISITAR PROXIMA VUELTA
2026-07-27,TALLER RAUL,FRANCISCO DE ARO,1,6-BOLSAS 60X90,EFECTIVO,12000.0,0.0,POCO INTERES DE COMPRAS
2026-07-27,TAPICERIA GONZALEZ,FCO DE ARO Y CALLE 122,0,,,0.0,0.0,POCO INTERES DE COMPRAS
2026-07-27,DAVID REFRIGERACIONES,AV.QUARANTA,0,,,0.0,0.0,VISITAR EL 11/08
2026-07-27,LA RECETA,AV.QUARANTA,0,,,0.0,0.0,VISITAR EL 11/08
2026-07-27,TALLER GAS MONKEY,AV.QUARANTA,0,,,0.0,0.0,VISITAR PROXIMA VUELTA
2026-07-27,PLACAS POSADAS,AV.QUARANTA,1,2-LIMP.P-1-DETER.1-BOLSON P.H,EFECTIVO,43200.0,0.0,VISITAR PROXIMA VUELTA
2026-07-27,TALLER VICTOR,AV.SANTA CRUZ,0,,,0.0,0.0,VISITAR PROXIMA VUELTA
2026-07-27,LAVADERO ZN,AV.SANTA CRUZ,0,,,0.0,0.0,LLEVAR MEKASIL X 20L MIERCOLES
2026-07-27,COMPRA PARTICULAR CONTACTO SARA,VILLA CABELLO,1,1-JABON LIQ.-1-SUAVI.-LAVAND.,EFECTIVO,20400.0,0.0,LLAMA PARA PROXIMO PEDIDO
2026-07-27,DISTRIBUIDORA DE POLLO,VILLA CABELLO,0,,,0.0,0.0,VISITAR POR LA MAÑANA
2026-07-27,LAVADERO PARANA,LOPEZ Y PLANES,0,,,0.0,0.0,PIDIO PRESUPUESTO DE MEKA Y BB POR 20
2026-07-27,YPF ROCAMORA,LOPEZ Y PLANES,0,,,0.0,0.0,VISITAR 03/08 14Hs
2026-07-27,TALLER EZEQUIEL,CALLE CASI CABRED,0,,,0.0,0.0,PIDIO QUE LE LLEVE MEKA Y BB X 5L MARTES
2026-07-28,TALLER EZEQUIEL,CALLE CASI CABRED,1,1-MEKA.1-BB X5,EFECTIVO,21500.0,0.0,VISITAR PROXIMA VUELTA
2026-07-28,ROTISERIA LA ESQUINA,FCO DE ARO Y CABRED,0,,,0.0,0.0,ME PASARON NUMERO PARA QUE ENVIE PRECIOS
2026-07-28,TALLER YOU SUSPENSIONES,FCO DE ARO,0,,,0.0,0.0,VISITAR PROXIMA VUELTA
2026-07-28,TALLER BOSH,HERRERA,0,,,0.0,0.0,VISITAR PROXIMA VUELTA
2026-07-28,CONSECIONARIO GRAND PRIX,FCO DE ARO,0,,,0.0,0.0,VISITAR PROXIMA VUELTA
2026-07-28,LA RECETA,AV.QUARANTA,0,,,0.0,0.0,ME PASARON NUMERO PARA QUE ENVIE PRECIOS
2026-07-28,CANCHA DE PADEL,AV.MAIPU,0,,,0.0,0.0,ME PASARON NUMERO PARA QUE ENVIE PRECIOS
2026-07-28,CANCHA DE FUTBOL LA TERRAZA,AV.CHACABUCO,0,,,0.0,0.0,ME PIDIO MI NUMERO Y QUE PASE PRESUPUESTO
2026-07-28,COMPRA VENTA AUTOS HUGO,AV.CHACABUCO,0,,,0.0,0.0,ME PIDIO MI NUMERO
2026-07-28,YPF CHACABUCO,AV.CHACABUCO,0,,,0.0,0.0,VISITAR PROXIMA VUELTA
2026-07-28,BICICLETERIA CHACABUCO,AV.CHACABUCO,0,,,0.0,0.0,POCO INTERES DE COMPRAS
2026-07-28,LAVADERO STAIL,CALLE SORIA,0,,,0.0,0.0,COMPRA A GUIDO
2026-07-28,LAVADERO VIKINGO,BLAS PARERA,1,1-LAVANDINA X 5L,EFECTIVO,5200.0,0.0,VISITAR PROXIMA VUELTA
2026-07-28,LAVADERO 2,BLAS PARERA,0,,,0.0,0.0,VISITAR PROXIMA VUELTA
2026-07-28,LAVADERO ANTONIO,BLAS PARERA,1,1-BB X 20L,EFECTIVO,33000.0,0.0,VISITAR PROXIMA VUELTA
2026-07-28,LAVADERO STYLE,MARTIN FIERRO,0,,,0.0,0.0,"POCO INTERES DE COMPRAS,YA TIENE PROVEEDOR"
2026-07-28,GOMERIA /LAVADERO,VILLA CABELLO,0,,,0.0,0.0,VISITAR PROXIMA VUELTA
2026-07-28,LAVADERO HUGO,LOPEZ Y PLANES,1,1-DETER.1-LAVA.1-LIMP.P /1-BB X20,EFECTIVO,50000.0,0.0,VISITAR PROXIMA VUELTA
2026-07-28,TALLER EL GALLEGO,AGUADO,1,1-MEKA.1-BB X5,EFECTIVO,21500.0,0.0,VISITAR PROXIMA VUELTA
2026-07-28,VELONA MOTOS,AV.TACUARI,0,,,0.0,0.0,TRAEN DIRECTO DE ALEM
2026-07-28,FRANK REPUESTOS,AV.TACUARI,0,,,0.0,0.0,VISITAR CENTRAL COCOMAROLA
2026-07-28,COMPRA PARTICULAR CONTACTO SARA,VILLA CABELLO,1,1-LIMP.PISO,EFECTIVO,5200.0,0.0,LLAMA PARA PROXIMO PEDIDO
2026-07-28,CARNICERIA AVA,VILLA CABELLO,1,1-DETER.1-LAVA.1-LIMP.P,EFECTIVO,17000.0,0.0,VISITAR PROXIMA VUELTA
2026-07-28,SHOWRROM,VILLA CABELLO,0,,,0.0,0.0,POCO INTERES DE COMPRA
2026-07-28,MUEBLERIA SANTA FE,VILLA CABELLO,0,,,0.0,0.0,VISITAR PROXIMA VUELTA
2026-07-28,LAVADERO ESQUINA BLAS PARERA,VILLA CABELLO,0,,,0.0,0.0,"POCO INTERES DE COMPRA,YA TIENE PROVEEDOR"
2026-07-28,VETERINARIA HUELLITAS,VILLA CABELLO,1,1-JABON LIQUIDO,EFECTIVO,9000.0,0.0,VISITAR PROXIMA VUELTA
2026-07-28,PANADERIA SALINAS,VILLA CABELLO,0,,,0.0,0.0,PASAR POR LA MAÑANA
2026-07-28,LUBRICENTRO LUBRY,JAURETCHE,0,,,0.0,0.0,POCO INTERES DE COMPRA
2026-07-28,TALLER PELOSO,AV.115,1,1.MEKA.1-BB X5 1-MULTIUSO,TRANSFERENCIA,26500.0,0.0,VISITAR PROXIMA VUELTA
2026-07-29,CARNICERIA VINOS&CO,CHACRA 32-33,1,2-DETER.-2-LAVANDINAS X 5,EFECTIVO,27400.0,0.0,VISITAR PROXIMA VUELTA
2026-07-29,MOTEL VENUS,AV.ANDRESITO,0,,,0.0,0.0,PIDIO LISTA DE PRECIOS
2026-07-29,LAVADERO ZN,AV.SANTA CRUZ,1,1-MEKA.X20 L,EFECTIVO,33000.0,0.0,VISITAR PROXIMA VUELTA
2026-07-29,LUBRICENTRO HUGO SANTA CRUZ,AV.SANTA CRUZ,1,1.DETER.1-SHAMP.SILICONADO,EFECTIVO,19200.0,0.0,VISITAR PROXIMA VUELTA
2026-07-29,HOTEL BATISTA,AV.SANTA CATALINA,0,,,0.0,0.0,VISITAR PROXIMA VUELTA
2026-07-29,GODOY,AV.QUARANTA,0,,,0.0,0.0,VISITAR PROXIMA VUELTA
2026-07-29,HIDRAULICA SAN FRANCISCO,AV.COCOMAROLA,0,,,0.0,0.0,"PASAR PRECIO ,LAVAN.DETER.DESENG.BLANCO"
2026-07-29,FERRETERIA Y REPUESTOS,AV.COCOMAROLA,0,,,0.0,0.0,PIDIO LISTA DE PRECIOS
2026-07-29,MECANICA MARQUEZ,AV.COCOMAROLA,0,,,0.0,0.0,POCO INTERES DE COMPRA
2026-07-29,REPUESTOS RS,AV.COCOMAROLA,0,,,0.0,0.0,ME PIDIO MI NUMERO
2026-07-29,MECANICA MOTOREPUESTOS,AV.COCOMAROLA,0,,,0.0,0.0,POCO INTERES DE COMPRA
2026-07-29,VETERINARIA ESQUINA,AV.COCOMAROLA,0,,,0.0,0.0,ME PIDIO MI NUMERO
2026-07-29,ABERTURAS EL REY,CALLE ESQUINA COCOMAROLA,0,,,0.0,0.0,POCO INTERES DE COMPRA
2026-07-29,TALLER MECANICO DAVID,CALLE DE ABERTURA EL REY,0,,,0.0,0.0,ME PASARON NUMERO PARA QUE ENVIE PRECIOS
2026-07-29,NUESTRAS CARNES SRL,AV.COCOMAROLA,0,,,0.0,0.0,NO ME PUDIERON ATENDER
2026-07-29,RESTAURANTE BISTRO,LOPEZ Y PLANES,0,,,0.0,0.0,VISITAR POR LA MAÑANA
2026-07-29,RESTAURANTE MENDIETA,LOPEZ Y PLANES,0,,,0.0,0.0,VISITAR POR LA MAÑANA
2026-07-29,CLUB ATLETICO POSADAS,AV.SANTA CATALINA,0,,,0.0,0.0,ME PIDIERON MI NUMERO
2026-07-29,LAVADERO LAVALLE,AV.LAVALLE,0,,,0.0,0.0,ME PIDIERON MI NUMERO
2026-07-29,LAVADERO YONI,AV.TACUARI,0,,,0.0,0.0,POCO INTERES DE COMPRA
2026-07-29,FERRETERIA TACUARI,AV.TACUARI,0,,,0.0,0.0,VISITAR POR LA MAÑANA
2026-07-29,LUBRICENTRO R18,AV.TACUARI,0,,,0.0,0.0,VISITAR PROXIMA VUELTA
2026-07-29,LAVADERO JOSE,AV.TOMAS GUIDO,0,,,0.0,0.0,ME PIDIO MI NUMERO PARA PASAR PRECIOS
2026-07-29,FERRETERIA DUETE,AV.SAN MARTIN,0,,,0.0,0.0,ME PASARON NUMERO PARA QUE ENVIE PRECIOS
2026-07-29,PANADERIA TACUARI,AV.SAN MARTIN,0,,,0.0,0.0,VISITAR POR LA MAÑANA
2026-07-29,REPUESTOS ENRIQUE,AV.SAN MARTIN,0,,,0.0,0.0,VISITAR PROXIMA VUELTA
2026-07-29,RADIADORES BETO,AV.SAN MARTIN,1,1-BB X 5L.1-LIMP.P,EFECTIVO,21100.0,0.0,VISITAR PROXIMA VUELTA
2026-07-29,TALLER SUAREZ,AV.SAN MARTIN,0,,,0.0,0.0,VISITAR PROXIMA VUELTA
2026-07-29,CLUB MITRE,AV.MARTIN FIERRO,0,,,0.0,0.0,ME PASARON NUMERO PARA QUE ENVIE PRECIOS
2026-07-30,ROTISERIA LA NONA,CALLE 25 DE MAYO,0,,,0.0,0.0,ME PASARON NUMERO PARA QUE ENVIE PRECIOS
2026-07-30,TRIGO PAN,BOLIVAR,0,,,0.0,0.0,PASAR POR CENTRAL DE URQUIZA
2026-07-30,GOLDENBIKE,BOLIVAR,0,,,0.0,0.0,FAMILIARES DE ALQUIMIA
2026-07-30,ROTISERIA BLANCA NIEVES,SAN LORENZO,0,,,0.0,0.0,SIN INTERES DE COMPRA
2026-07-30,LAVADERO SEBA PEREZ,ENTRE RIOS,0,,,0.0,0.0,POCO INTERES DE COMPRA
2026-07-30,LUBRICENTRO PEDRO PERELLI,ENTRE RIOS,0,,,0.0,0.0,VISITAR PROXIMA VUELTA
2026-07-30,HOTEL JULIO CESAR,ENTRE RIOS,0,,,0.0,0.0,ME PIDIO MI NUMERO PARA PASAR PRECIOS
2026-07-30,ROTISERIA CENTRAL PIZZA,ENTRE RIOS,0,,,0.0,0.0,VISITAR PROXIMA VUELTA
2026-07-30,GOMERIA JUAN,COLON,0,,,0.0,0.0,VISITAR PROXIMA VUELTA
2026-07-30,CARMAK,AV.CORRIENTES,0,,,0.0,0.0,ME PIDIO MI NUMERO PARA PASAR PRECIOS
2026-07-30,IMO AUTOMOVILES,AV.CORRIENTES,0,,,0.0,0.0,ME PIDIO MI NUMERO PARA PASAR PRECIOS
2026-07-30,LAVADERO POSADAS,AV.TIERRA DEL FUEGO,0,,,0.0,0.0,ME PIDIO MI NUMERO PARA PASAR PRECIOS
2026-07-30,SERVANDO MENOR,AV.TIERRA DEL FUEGO,0,,,0.0,0.0,PASAR PRESUPUESTO
2026-07-30,COMPRA VENTA GATO,AV.213,0,,,0.0,0.0,COMPRA EN A4 MEKA X 20 A $16.000
2026-07-30,FJW,AV.213,0,,,0.0,0.0,ME PIDIO MI NUMERO PARA PASAR PRECIOS
2026-07-30,MARCELO FUCHI,CALLE COSTADO FJW,1,1-LAVAN.1-DETER.X5L,EFECTIVO,13700.0,0.0,VISITAR PROXIMA VUELTA
2026-07-30,LUBRICENTRO Y TALLER,AV.213,0,,,0.0,0.0,PASAR POR LA MAÑANA
2026-07-30,LUBRICENTRO MIGUEL,AV.213,1,1.DETER.1-LAVAN.1LIMP.P,EFECTIVO,17000.0,0.0,VISITAR PROXIMA VUELTA
2026-07-31,YPF ROCAMORA,LOPEZ Y PLANES,0,,,0.0,0.0,VISITAR LUNES 14.30Hr
2026-07-31,PILATES,MARTIN FIERRO,0,,,0.0,0.0,VISITAR PROXIMA VUELTA
2026-07-31,INYECAR,MARTIN FIERRO,0,,,0.0,0.0,VISITAR PROXIMA VUELTA
2026-07-31,KIOSKO,MARTIN FIERRO,0,,,0.0,0.0,ME PIDIO MI NUMERO PARA PASAR PRECIOS
2026-07-31,LOCOS POR LA CARNE,AV.TOMAS GUIDO,0,,,0.0,0.0,VISITAR PROXIMA VUELTA
2026-07-31,REPUESTOS PELOSO,AV.ITUZAINGO,1,2.MEKA.2-BB X 5L,EFECTIVO,23000.0,0.0,SALDO PENDIENTE $20.000 Y BAJAR PEDIDO
2026-07-31,CLUB LUZ Y FUERZA,AV.ITUZAINGO,0,,,0.0,0.0,ME PIDIO MI NUMERO PARA PASAR PRECIOS
2026-07-31,ROTISERIA LO DE JUAN,AV.ITUZAINGO,1,1-DESENGRA.AMARILLO X 5L,EFECTIVO,17600.0,0.0,VISITAR PROXIMA VUELTA
2026-07-31,LAVADERO ESQUINA,AV.ITUZAINGO,0,,,0.0,0.0,SIN INTERES DE COMPRA
2026-07-31,FERRETERIA RYM,AV.ITUZAINGO,0,,,0.0,0.0,ME PIDIERON MI NUMERO
2026-07-31,PANADERIA NUEVOS SABORES,AV.JAURETCHE,0,,,0.0,0.0,SIN INTERES DE COMPRA
2026-07-31,PANADERIA SALINAS,VILLA CABELLO,0,,,0.0,0.0,ME PIDIO MI NUMERO PARA PASAR PRECIOS
2026-07-31,LAVADERO PULPITO,VILLA CABELLO,0,,,0.0,0.0,ME PASARON NUMERO PARA QUE ENVIE PRECIOS
2026-07-31,FERRETERIA EL TREBOL,EVA PERON,0,,,0.0,0.0,ME PASARON NUMERO PARA QUE ENVIE PRECIOS
2026-07-31,CONSECIONARIO LOS AMIGOS,AV.JAURETCHE,0,,,0.0,0.0,ME PASARON NUMERO PARA QUE ENVIE PRECIOS
2026-08-01,INDUSTRIA DEL POLLO,LOPEZ Y PLANES,0,,,0.0,0.0,VISITAR PROXIMA VUELTA
2026-08-01,DELIDRYNK,SALTA Y JUNIN,0,,,0.0,0.0,ME PASARON NUMERO DE ENCARGADO
2026-08-01,TALLER EZEQUIEL,CALLE MORCILLO CASI CABRED,1,1-MULTIUSO,PAGADO,5100.0,5100.0,CANCELO SALDO PENDIENTE
2026-08-03,PANADERIA LA MAMI DE DANI,CABRED CASI URUGUAY,1,1-DETER-1-LAVAN.1-LIMP.P VERDE,EFECTIVO,17000.0,0.0,VISITAR PROXIMA VUELTA
2026-08-03,DIEGO TOHT,GARUPA,1,"1-MEKA.1-BB-1.JABON L,AZUL.1 SUAVI.-5 ROLLOS ECOL",EFECTIVO/TRANSF,152500.0,0.0,VISITAR PROXIMA VUELTA
2026-08-03,CARNICERIA VINOS&CO,GARUPA,1,"1-JABON,LIQ AZUL.1- SUAVI.",EFECTIVO,17000.0,0.0,VISITAR PROXIMA VUELTA
2026-08-03,GYM ESQUINA,GARUPA,0,,,0.0,0.0,ME PASARON NUMERO PARA ENVIAR LISTA DE PRECIOS
2026-08-03,YPF COLECTORA,GARUPA,0,,,0.0,0.0,REALIZAN COMPRA EN CENTRAL DE ALEM
2026-08-03,FERRETERIA SANDRA,GARUPA,0,,,0.0,0.0,QUIERE QUE LE PÁSE LISTA DE PRECIOS
2026-08-03,FJW,AV.213,0,,,0.0,0.0,ESPERANDO QUE SE LE ENVIE PRESUPUESTO DE PRECIOS
2026-08-03,LAVADERO ALBERTO,BUSTAMANTE Y AGUADO,1,1-MEKA.1-BB-1-SHAM.SILI,EFECTIVO,32200.0,0.0,VISITAR PROXIMA VUELTA
2026-08-03,INDUSTRIA DEL POLLO,CHACABUCO,1,3-DESEN.AMA.1-BOLSON NEWP.1-PACK R.ECO,EFECTIVO,88200.0,0.0,VISITAR PROXIMA VUELTA
2026-08-03,PUNTO CARNICERIA,LOPEZ Y PLANES,1,3-DESEN.AMA.1-BOLSON NEWP.1-PACK R.ECO,EFECTIVO,88200.0,0.0,VISITAR PROXIMA VUELTA
2026-08-03,INDUSTRIA DEL POLLO,BLAS PARERA,1,3-DESEN.AMA.1-BOLSON NEWP.1-PACK R.ECO.1-TOALLA INT.,EFECTIVO,109100.0,0.0,VISITAR PROXIMA VUELTA
2026-08-04,BUTIQUE EMA,ITAEMBE GUAZU,0,,,0.0,0.0,SIN INTERES DE COMPRA
2026-08-04,LUBRICENTRO ITAEMBE GUAZU,ITAEMBE GUAZU,0,,,0.0,0.0,SIN INTERES DE COMPRA
2026-08-04,REGALERIA EMA,ITAEMBE GUAZU,0,,,0.0,0.0,SIN INTERES DE COMPRA
2026-08-04,FERRETERIA PICO Y PALA,ITAEMBE GUAZU,0,,,0.0,0.0,INTERESADOS EN LISTA DE PRECIO
2026-08-04,SUPERMERCADO MAYORISTA,ITAEMBE GUAZU,0,,,0.0,0.0,ME PASARON NUMERO PARA ENVIAR LISTA DE PRECIOS
2026-08-04,LUBRICENTRO GARUPA DE I.GUAZU,ITAEMBE GUAZU,0,,,0.0,0.0,INTERESADOS EN MEKASIL Y BB POR 20
2026-08-04,SUPERMERCADO CHINO,ITAEMBE GUAZU,0,,,0.0,0.0,SIN INTERES DE COMPRA
2026-08-04,PANADERIA THIAGO,ITAEMBE GUAZU,0,,,0.0,0.0,"INTERESADOS ,ME PIDIERON NUMERO"
2026-08-04,YPF COLECTORA,ITAEMBE GUAZU,0,,,0.0,0.0,ME PIDIERON NUMERO PARA LISTA DE PRECIO
2026-08-04,AXION,ITAEMBE MINI,0,,,0.0,0.0,"SIN INTERES DE COMPRA,TRABAJAN CON NORDESTE"
2026-08-04,LAVADERO ITAEMBE MINI,ITAEMBE MINI,0,,,0.0,0.0,ME PIDIERON NUMERO PARA LISTA DE PRECIO
2026-08-04,TALLER TOTI,FCO DE ARO,1,1-MEKA.1-BB X5,EFECTIVO,21500.0,0.0,VISITAR PROXIMA VUELTA
2026-08-04,LAVADERO POSADAS,TIERRA DEL FUEGO,0,,,0.0,0.0,NO SE ENCONTRABA
2026-08-04,SERVANDO MENOR,TIERRA DEL FUEGO,0,,,0.0,0.0,SE LE ENTREGO PRESUPUESTO
2026-08-04,REPUESTOS PELOSO,AV ITUZAINGO,0,,,0.0,0.0,CANCELO SALDO PENDIENTE
2026-08-04,PANADERIA PETRI,RUTA 12,0,,,0.0,0.0,CERRADO
2026-08-04,LOCAL EMA,ITAEMBE GUAZU,0,,,0.0,0.0,SIN INTERES DE COMPRA
2026-08-04,TALLER PEDRO,AV ITUZAINGO,1,1.ROLLO ECOLOGICO,EFECTIVO,11400.0,0.0,VISITAR PROXIMA VUELTA
2026-08-04,ESTACION DE SERVICIO SHELL,AV URUGUAY,0,,,0.0,0.0,VISITAR PROXIMA VUELTA
2026-08-04,CARNICERIA GRANJA ELDORADO,AV MONTEAGUDO,0,,,0.0,0.0,VISITAR PROXIMA VUELTA
2026-08-04,BOUTIQUE SALUDABLE,AV MONTEAGUDO,0,,,0.0,0.0,SIN INTERES DE COMPRA
2026-08-04,RADIO ANDRES,CABRED CASI URUGUAY,0,,,0.0,0.0,VISITAR PROXIMA VUELTA
2026-08-04,VETERINARIA ITATI,CABRED CASI URUGUAY,0,,,0.0,0.0,ME PIDIERON NUMERO PARA LISTA DE PRECIO
2026-08-05,LUBRICENTRO MIGUEL,AV.213,1,1-DETER-1-LAVAN.1-LIMP.P LIZO.1-BOBINA PREMIUN,EFECTIVO,33000.0,0.0,VISITAR PROXIMA VUELTA
2026-08-05,ESTACION DE SERVICIO AXION,SAN MARTIN Y QUARANTA,0,,,0.0,0.0,ME PIDIERON NUMERO PARA LISTA DE PRECIO
2026-08-05,HOTEL OAKY,AV.QUARANTA,0,,,0.0,0.0,TODAVIA CON STOCK
2026-08-05,PANADERIA PANAFLIA,AV.QUARANTA,0,,,0.0,0.0,TODAVIA CON STOCK
2026-08-05,RIO URUGUAY,AV.QUARANTA,0,,,0.0,0.0,ME PASARON NUMERO ENCARGADO
2026-08-05,MULTIMARCAS DANIEL,AV.QUARANTA,0,,,0.0,0.0,POR EL MOMENTO NO REALIZA COMPRAS
2026-08-05,AGUILA DORADA,AV.SAN MARTIN,0,,,0.0,0.0,VISITAR POR LA MAÑANA
2026-08-05,GYM DOMINIUS,AV.SAN MARTIN,1,1-LIMP.PI.-3 BOLSAS -1 ALCOHOL 70%,EFECTIVO,34630.0,0.0,VISITAR POR LA MAÑANA
2026-08-05,TALLER JUANJOSE,CABRED CASI URUGUAY,0,,,0.0,0.0,CONFIRMA PEDIDO
2026-08-05,LAVADERO NAIN,AV.TOMAS GUIDO,0,,,0.0,0.0,VISITAR PROXIMA VUELTA
2026-08-05,LAVADERO JOSE,AV.TOMAS GUIDO,0,,,0.0,0.0,VISITAR PROXIMA VUELTA
2026-08-05,LAVADERO POLA,AV.BLAS PARERA,0,,,0.0,0.0,ME PIDIERON NUMERO PARA LISTA DE PRECIO
2026-08-05,TALLER SHAGY,AV.SAN MARTIN,0,,,0.0,0.0,SIN INTERES DE COMPRA
2026-08-05,TALLER ENRIQUE,AV.SAN MARTIN,1,1-MEKA.1BB X5L,PAGADO,21500.0,21500.0,CANCELO SALDO PENDIENTE
2026-08-05,LAVADERO MENTI,AV.TOMAS GUIDO Y CENTENARIO,0,,,0.0,0.0,VISITAR POR LA MAÑANA
2026-08-05,REPUESTOS VICTORIA,AV.TACUARI,0,,,0.0,0.0,ME PIDIERON NUMERO PARA LISTA DE PRECIO
2026-08-05,LAVADERO DEIVI,MARTIN FIERRO,0,,,0.0,0.0,ME PIDIERON NUMERO PARA LISTA DE PRECIO
2026-08-05,LAVADERO SERGIO,AV.ZAPIOLA,0,,,0.0,0.0,VISITAR PROXIMA VUELTA
2026-08-05,TALLER NAVARRO,AV.CHACABUCO,0,,,0.0,0.0,ME PIDIERON NUMERO PARA LISTA DE PRECIO
2026-08-06,PANADERIA PETRI,RUTA 12,0,,,0.0,0.0,VISITAR POR LA MAÑANA Y HABLAR CON HORACIO
2026-08-06,CANCHA FUTBOL 5 EL TEMPLO,ITAEMBE GUAZU,1,2 COMBOS HOGAR - 1-INTERCALADAS-1-SERVILLETAS,TRANSFERENCIA,88300.0,0.0,VISITAR PROXIMA VUELTA
2026-08-06,TALLER NAVARRO,AV.CHACABUCO,1,1-MEKA 1-BB,EFECTIVO,21500.0,0.0,VISITAR PROXIMA VUELTA
2026-08-06,CLIENTE NOELIA,GENERAL RAMIREZ,1,"1-DETER,QUITA SARRO.1",TRANSFERENCIA,21930.0,0.0,ME LLAMA PARA EL PROXIMO PEDIDO
2026-08-06,TALLER ENRIQUE,AV.SAN MARTIN,0,,EFECTIVO,21500.0,0.0,CANCELO SALDO PENDIENTE
2026-08-06,LA CASA DEL PISO FLOTANTE,CTE ROSALES,1,DESTAPA CAÑERIA,PENDIENTE,12200.0,12200.0,SALDO PENDIENTE
2026-08-06,FERRETERIA FERRO80,AV.SAN MARTIN,0,,,0.0,0.0,ME PIDIERON NUMERO PARA LISTA DE PRECIO
2026-08-06,POLLERIA LA GRANJA,AV.TACUARI,0,,,0.0,0.0,VISITAR POR LA MAÑANA
2026-08-06,CARNICERIA CARNES&VINO,AV.ANDRESITO,1,3.HIPO.1-LAVANDINA,TRANSFERENCIA,23200.0,0.0,VISITAR PROXIMA VUELTA
2026-08-06,LA CASA DEL CERDO,AV.LAVALLE,0,,,0.0,0.0,TRABAJAN CON ALQUIMIA
2026-08-07,PANADERIA TACUARI,AV.SAN MARTIN,0,,,0.0,0.0,VISITAR POR LA MAÑANA
2026-08-07,EVENTOS TACUARI,AV.TACUARI,1,1-DETER.1-LAVAN.1-LIMP,EFECTIVO,17000.0,0.0,VISITAR PROXIMA VUELTA
2026-08-07,GRANJA POLLOS,AV.TACUARI,0,,,0.0,0.0,POR EL MOMENTO NO REALIZA COMPRAS
2026-08-07,LAVADERO EL POLA,AV.BLAS PARERA,0,,,0.0,0.0,REALIZA PEDIDO SEMANA QUE VIENE
2026-08-07,YPF ROCAMORA,AV.LOPEZ Y PLANES,0,,,0.0,0.0,ESPERO RESPUESTA DE PRESUPUESTO
2026-08-07,ROTISERIA POTOTO,AV.BLAS PARERA,0,,,0.0,0.0,VISITAR PROXIMA VUELTA
2026-08-07,CARNICERIA LO DE SEBA,AV.BLAS PARERA,0,,,0.0,0.0,VISITAR PROXIMA VUELTA
2026-08-07,LAVADERO ANTONIO,AV.BLAS PARERA,0,,,0.0,0.0,TODAVIA CON STOCK
2026-08-07,MINIMERCADO,AV.BLAS PARERA Y AGUADO,0,,,0.0,0.0,VISITAR PROXIMA VUELTA
2026-08-07,VERDULERIA LO DE LEO,AV.BLAS PARERA Y AGUADO,0,,,0.0,0.0,ME PIDIERON NUMERO PARA LISTA DE PRECIO
2026-08-07,VALENTINO REPUESTOS,AV.COCOMAROLA,0,,,0.0,0.0,ME PIDIERON NUMERO PARA LISTA DE PRECIO
2026-08-07,FERRETERIA EL CRUCE,AV.COCOMAROLA,0,,,0.0,0.0,VISITAR PROXIMA VUELTA
2026-08-07,FERRETERIA Y REPUESTOS SAN ROQUE,AV.COCOMAROLA,0,,,0.0,0.0,VISITAR PROXIMA VUELTA
2026-08-07,SUSPENSIONES FUCHI,AV.MAZZA,1,1-MEKASIL,EFECTIVO,14900.0,0.0,VISITAR LA PROXIMA
2026-08-07,TALLER EL TANO,CALLE COSTADO DEL TERRITORIO,0,,,0.0,0.0,VISITAR LA PROXIMA VUELTA
2026-08-07,LAVADERO CABO DE HORNOS,AV.CABO DE HORNOS,0,,,0.0,0.0,ME PIDIERON NUMERO PARA LISTA DE PRECIO
2026-08-07,HARD REPUESTOS,AV.COCOMAROLA,0,,,0.0,0.0,ME PIDIERON NUMERO PARA LISTA DE PRECIO
2026-08-07,PLACAS POSADAS,AV.QUARANTA,0,,,0.0,0.0,VISITAR MARTES 11/08
2026-08-07,CONSUMIDOR FINAL,MARCONI,1,1-ALCOHOL 96%,TRANSFERENCIA,28200.0,0.0,ME LLAMA PARA EL PROXIMO PEDIDO
2026-08-07,DETAILING NICOLAS,CALLE COSTADO PLACITA,0,,,0.0,0.0,ESCRIBI AL CLIENTE Y NO ME RESPONDIO
2026-08-07,OPEN 24,JUJUY CASI CORDOBA,0,,,0.0,0.0,ME PIDIERON NUMERO PARA LISTA DE PRECIO
2026-08-07,ROTISERIA LOS PINOS,CALLE BUENOS AIRES Y SGO DEL STERO,0,,,0.0,0.0,VISITAR POR LA MAÑANA
2026-08-07,ROTISERIA MAS PIZZA,CALLE BUENOS AIRES,0,,,0.0,0.0,VISITAR PROXIMA VUELTA
2026-08-07,ROTISERIA JOAQUINITO,CALLE RIOJA,0,,,0.0,0.0,ME PIDIERON NUMERO PARA LISTA DE PRECIO
2026-08-08,JAVIER CHILAVERT,AV.QUARANTA,0,,,0.0,0.0,ME PIDIERON NUMERO PARA LISTA DE PRECIO
2026-08-10,ESTILO CAR,AV.URUGUAY,1,12 MULTIUSO,EFECTIVO,47400.0,0.0,ME PIDIERON NUMERO PARA LISTA DE PRECIO
2026-08-10,LA MAMI DE DANI,AV.CABRED,1,2-DETER-2-LAVAN,EFECTIVO,23400.0,0.0,VISITAR PROXIMA VUELTA
2026-08-10,LAVADERO ZN SEBA,AV.SANTA CRUZ,1,1 MEKA X20,EFECTIVO,33000.0,0.0,VISITAR PROXIMA VUELTA
2026-08-10,LUBRICENTRO HUGO,AV.SANTA CRUZ,0,,,0.0,0.0,VISITAR PROXIMA VUELTA
2026-08-10,TALLER SPACIUK,AV.BOUCHARDO,0,,,0.0,0.0,ME PIDIERON NUMERO PARA LISTA DE PRECIO
2026-08-10,SAFITA,AV.CABRED,0,,,0.0,0.0,PASAR MIERCOLES 12/08
2026-08-10,TALLER EZEQUIEL,CALLE MORCILLO CASI CABRED,1,1-MEKA.1-CEP.LAVAUTO,PAGADO,21850.0,21850.0,CANCELO SALDO PENDIENTE
2026-08-10,ESTACION DE SERVICIO SHELL,AV.URUGUAY,0,,,0.0,0.0,PASAR DE 11AM A 16PM
2026-08-10,LAVADERO POSADAS,AV.TIERRA DELFUEGO,0,,,0.0,0.0,VISITAR DESPUES DE LAS 13HR
2026-08-10,EMBRAGUES DA-GAR,AV.MAIPU,0,,,0.0,0.0,ME PIDIERON NUMERO PARA LISTA DE PRECIO
2026-08-10,FERRETERIA FORTIN,AV.SANTA CRUZ,1,1-LAVAN.1LIMP.PISO,EFECTIVO,10400.0,0.0,VISITAR PROXIMA VUELTA
2026-08-10,TALLER VICTOR,AV.SANTA CRUZ,1,3 BOLSAS 80X110,EFECTIVO,13200.0,0.0,VISITAR PROXIMA VUELTA
2026-08-10,CARNICERIA LYG,AV.BUSTAMANTE,0,,,0.0,0.0,ME PIDIERON NUMERO PARA LISTA DE PRECIO
2026-08-10,RECTIFICADORA POSADAS,AV.BUSTAMANTE,0,,,0.0,0.0,ME PIDIERON NUMERO PARA LISTA DE PRECIO
2026-08-10,LAVADERO ALBERTO,AV.BUSTAMANTE,0,,,0.0,0.0,CERRADO
2026-08-10,TALLER PELOSO,AV.115,0,,,0.0,0.0,CERRADO
2026-08-10,LAVADERO HUGO,AV.LOPEZ Y PLANES,0,,,0.0,0.0,CERRADO
2026-08-10,TALLER EL GALLEGO,CALLE PARALELA A L.YPLANES,0,,,0.0,0.0,TODAVIA CON STOCK
2026-08-10,FERRETERIA ZUCALUCE,AV.AGUADO,0,,,0.0,0.0,CERRADO
2026-08-11,TALLER MIERES,CALLE HERRERA,0,,,0.0,0.0,VISITAR PROXIMA VUELTA
2026-08-11,GOMERIA YANI,CALLE 145 CASI TACUARI,1,1-LAVANDINA,EFECTIVO,5200.0,0.0,VISITAR PROXIMA VUELTA
2026-08-11,CARNICERIA AVA,AV.EVA PERON,0,,,0.0,0.0,NO LE GUSTO NUESTRO PRODUCTO
2026-08-11,CARNICERIA A LADO DE AVA,AV.EVA PERON,0,,,0.0,0.0,MANDE MENSAJE PERO NO RESPONDIERON
2026-08-11,PLACAS POSADAS,AV.QUARANTA,0,,,0.0,0.0,TODAVIA CON STOCK
2026-08-11,FERRETERIA A LADO DE PLACAS,AV.QUARANTA,0,,,0.0,0.0,ME PIDIERON NUMERO PARA LISTA DE PRECIO
2026-08-11,GYM IMPERIUM,AV.LOPEZ Y PLANES,1,1-TOALLA INT.1.LAVA.1LIMP.,EFECTIVO,31300.0,0.0,VISITAR LA PROXIMA VUELTA
2026-08-11,CARNICERIA DON ALEJO,AV.FCO DE ARO,0,,,0.0,0.0,ME PIDIERON NUMERO PARA LISTA DE PRECIO
2026-08-11,ESTACION DE SERVICIO DAPSA,AV.BUSTAMANTE,0,,,0.0,0.0,TRABAJAN UNICAMENTE CON ALCOI
2026-08-11,TALLER GERARDO,AV.SAN MARTIN,0,,,0.0,0.0,ME PIDIERON NUMERO PARA LISTA DE PRECIO
2026-08-12,TALLER YOU,AV.FCO DE ARO,1,1-BOBINA PREMIUN,EFECTIVO,16000.0,0.0,VISITAR PROXIMA VUELTA
2026-08-12,CARNICERIA VINOS&CO,AV.ANDRESITO,1,HIPOCL.TRAPO.FRANE.CABO,TRANSFERENCIA,33100.0,0.0,VISITAR PROXIMA VUELTA
2026-08-12,FERRETERIA STAR,AV.LAVALLE,0,,,0.0,0.0,VISITAR PROXIMA VUELTA
2026-08-12,RECTIFICADORA MARTINEZ,CALLE COSTADO TIERRA DEL FUEGO,0,,,0.0,0.0,ME PIDIERON NUMERO PARA LISTA DE PRECIO
2026-08-12,PANADERIA PANAFLIA,AV.QUARANTA,0,,,0.0,0.0,EL JEFE DE ELLOS REALIZO COMPRAS DE LIMPIEZA
2026-08-12,HOTEL OAKY,AV.QUARANTA,1,HIPOCLI.ESCENCIA,EFECTIVO,78000.0,0.0,VISITAR PROXIMA VUELTA
2026-08-12,MOTOCENTER,AV.QUARANTA,0,,,0.0,0.0,VISITAR PROXIMA VUELTA
2026-08-12,CASIMIRO,AV.CABO DE HORNOS,0,,,0.0,0.0,PASAR A VISITAR POR OFICINA DE SHOPING -MORENO JOSE
2026-08-12,FERRETERIA INDUSTRIAL,AV.CABO DE HORNOS,0,,,0.0,0.0,ME PIDIERON NUMERO PARA LISTA DE PRECIO
2026-08-12,FANK REPUESTOS,AV.COCOMAROLA,0,,,0.0,0.0,ME PIDIERON NUMERO PARA LISTA DE PRECIO
2026-08-12,YPF COCOMAROLA,AV.COCOMAROLA,0,,,0.0,0.0,ME PIDIERON NUMERO PARA LISTA DE PRECIO
2026-08-12,FERRETERIA EL CRUCE,AV.QUARANTA,0,,,0.0,0.0,SE LE ENTREGO PRESUPUESTO
2026-08-12,VALENTINO REPUESTOS,AV.COCOMAROLA,0,,,0.0,0.0,QUIERE QUE LE PÁSE LISTA DE PRECIOS Y PLAZO 30 DIAS
2026-08-12,FERRETERIA STAR,AV.LAVALLE,0,,,0.0,0.0,SE LE ENTREGO PRESUPUESTO
2026-08-13,CARNICERIA FATIMA,AV.MONTEGUDO,0,,,0.0,0.0,"NO ESTABA EL ENCARGADO,VISITAR PROXIMA VUELTA"
2026-08-13,EXPRESO SINGER,RUTA 12,0,,,0.0,0.0,ME PIDIERON NUMERO PARA LISTA DE PRECIO
2026-08-13,CHEVROLET GONZALEZ,RUTA 12,0,,,0.0,0.0,ME PIDIERON NUMERO PARA LISTA DE PRECIO
2026-08-13,LAVADERO LUIS - BESVERGI,BLAS PARERA CASI FCO DE ARO,0,,,0.0,0.0,ME PIDIERON NUMERO PARA LISTA DE PRECIO
2026-08-13,GYM IMPERIUM,AV.LOPEZ Y PLANES,1,ALCOHOL.TOALLAS.BOLSAS,EFECTIVO,80300.0,0.0,VISITAR PROXIMA VUELTA
2026-08-13,GYM A LADO IMPERIUM,AV.LOPEZ Y PLANES,0,,,0.0,0.0,PASAR POR LA MAÑANA
2026-08-13,LAVADERO EL POLA,BLAS PARERA,1,1-MEKA.1-BB,EFECTIVO,21500.0,0.0,VISITAR PROXIMA VUELTA
2026-08-13,FERRETERIA YACIRETA,BLAS PARERA,1,2-BB-1MEKA,EFECTIVO,38000.0,0.0,VISITAR PROXIMA VUELTA
2026-08-13,CRISTINA MAMA,JAURETCHE Y ANDRESITO,1,"1.HIPO,1BOLSA",EFECTIVO,10400.0,0.0,ME LLAMA PARA EL PROXIMO PEDIDO
2026-08-13,LUBRICENTRO R18,AV.TACUARI,1,2.BOB.ECOL.1-LAVAN,EFECTIVO,28000.0,0.0,VISITAR PROXIMA VUELTA
2026-08-13,FERRETERIA TACUARI,AV.TACUARI,0,,,0.0,0.0,ME PIDIERON NUMERO PARA LISTA DE PRECIO
2026-08-14,EXPRESO SINGER,RUTA 12,1,25-MEKA.25-BB.25-SHAM,PENDIENTE,1500000.0,1500000.0,SALDO PENDIENTE
2026-08-14,GAS MONKEY JAVIER,AV.QUARANTA,1,1.JABON LIQUIDO,TRANSFERENCIA,9000.0,0.0,VISITAR PROXIMA VUELTA
2026-08-14,FANK REPUESTOS,AV.COCOMAROLA,1,1.C.HOGAR,EFECTIVO,17000.0,0.0,VISITAR PROXIMA VUELTA
2026-08-14,CARNICERIA 213,AV.213,0,,,0.0,0.0,SIN INTERES DE COMPRA
2026-08-14,BULON REPUESTOS,AV.213,0,,,0.0,0.0,ME PIDIERON NUMERO PARA LISTA DE PRECIO
2026-08-14,LAVADERO ANGEL,ITAEMBE MINI,0,,,0.0,0.0,VISITAR PROXIMA VUELTA
2026-08-14,LAVADERO ALBERTO,BUSTAMANTE Y AGUADO,0,,,0.0,0.0,PASAR LUNES
2026-08-14,CARNICERIA Y VERDULERIA - TETO,FCO DE ARO Y BUSTAMANTE,0,,,0.0,0.0,PASAR POR LA TARDE
2026-08-14,MECANICA ALFONZO - PEDRIN,BUSTAMANTE Y FCO DE ARO,0,,,0.0,0.0,VISITAR PROXIMA VUELTA
2026-08-14,TALLER ANIBAL,BUSTAMANTE Y FCO DE ARO,0,,,0.0,0.0,PASAR POR LA MAÑANA
2026-08-15,LOCOS POR LA CARNE,AV.TOMAS GUIDO,0,,,0.0,0.0,VISITAR PROXIMA VUELTA
2026-08-15,HOTEL SANTA CATALINA,AV.SANTA CATALINA,0,,,0.0,0.0,VISITAR PROXIMA VUELTA
2026-08-15,HOTEL BATISTA,AV.SANTA CATALINA,0,,,0.0,0.0,VISITAR MARTES 18/08
2026-08-15,FABRICA EL EDEN,AV.QUARANTA,0,,,0.0,0.0,ME PIDIERON NUMERO PARA LISTA DE PRECIO
2026-08-15,HOTEL LA MISION,AV.QUARANTA,0,,,0.0,0.0,PASAR POR LA MAÑANA - MARTA
2026-08-15,DARIO FERREIRA,JAURETCHE Y ANDRESITO,0,,,0.0,0.0,ME LLAMA PARA EL PROXIMO PEDIDO
2026-08-15,DESPENSA JOSELO,JAURETCHE Y ANDRESITO,0,,,0.0,0.0,ME LLAMA PARA EL PROXIMO PEDIDO
2026-08-15,GOMERIA Y RECAPADO JULIAN,AV.115 Y ANDRESITO,1,2.DETERGENTE,EFECTIVO,17000.0,0.0,VISITAR PROXIMA VUELTA
2026-08-15,PERFORACIONES OLI,AV.115 Y ANDRESITO,0,,,0.0,0.0,ME PIDIERON NUMERO PARA LISTA DE PRECIO
2026-08-15,LAVADERO OSVALDO,AV.BUSTAMANTE,0,,,0.0,0.0,ME PIDIERON NUMERO PARA LISTA DE PRECIO
2026-08-15,REPOSICIONES,AV.LOPEZ Y PLANES,0,,,0.0,0.0,PASAR POR LA TARDE POR GARUPA
2026-08-17,LA MAMI DE DANI,AV.CABRED,1,2.DETER.1LAVA,EFECTIVO,18200.0,0.0,VISITAR PROXIMA VUELTA
2026-08-17,CARNICERIA LYG,AV.BUSTAMANTE,1,1.DETER.INTITU.X1L,EFECTIVO,7500.0,0.0,VISITAR PROXIMA VUELTA
2026-08-17,LAVADERO HUGO,AV.LOPEZ Y PLANES,0,,,0.0,0.0,CERRADO
2026-08-17,TALLER EL GALLEGO,CALLE PARALELA A L.YPLANES,0,,,0.0,0.0,TODAVIA CON STOCK
2026-08-17,LUBRICENTRO R18,AV.TACUARI,0,,,0.0,0.0,CANCELO SALDO PENDIENTE
2026-08-17,TALLER ENRIQUE,AV.SAN MARTIN,0,,,0.0,0.0,TODAVIA CON STOCK
2026-08-17,RADIADORES BETO,AV.SAN MARTIN,0,,,0.0,0.0,TODAVIA CON STOCK
2026-08-17,REPUESTOS STIC,AV.AGUADO,0,,,0.0,0.0,ME PIDIERON NUMERO PARA LISTA DE PRECIO
2026-08-17,ROTISERIA LO DE JUAN - PAOLA,AV.ITUZAINGO,0,,,0.0,0.0,TODAVIA CON STOCK
2026-08-17,LAVADERO ALBERTO,AV.BUSTAMANTE Y AGUADO,1,"COMB.LAVA,TEFLONADO",EFECTIVO,37300.0,0.0,VISITAR PROXIMA VUELTA
2026-08-17,TALLER PELOSO,AV.115,1,1 BOB.ECOLO,TRANSFERENCIA,11400.0,0.0,VISITAR PROXIMA VUELTA
2026-08-17,REPUESTOS PELOSO,AV.ITUZAINGO,1,1 BOB.ECOLO,EFECTIVO,11400.0,0.0,VISITAR PROXIMA VUELTA
2026-08-17,TALLER AGAS - VECINO JUANCHO,AV.CABRED,0,,,0.0,0.0,ME PIDIERON NUMERO PARA LISTA DE PRECIO
2026-08-17,LAVADERO ZN SEBA,AV.SANTA CRUZ,1,1-MEKA.1-BB X20,EFECTIVO,60000.0,0.0,VISITAR PROXIMA VUELTA
2026-08-18,VETERINARIA HUELLITAS,VILLA CABELLO,0,,,0.0,0.0,VISITAR PROXIMA VUELTA
2026-08-18,FERRETERIA SEBASTIAN,VILLA CABELLO,0,,,0.0,0.0,ME PIDIERON NUMERO PARA LISTA DE PRECIO
2026-08-18,TALLER HENKES,AV.EVA PERON,0,,,0.0,0.0,"NO ESTABA EL ENCARGADO,VISITAR PROXIMA VUELTA"
2026-08-18,A.R SERVICIOS,AV.MONSENOR DE ANDREA,1,1-MEKA.1BB.2-BOB.ECOL,EFECTIVO,44300.0,0.0,VISITAR PROXIMA VUELTA
2026-08-18,MECANICA GABRIEL,CALLE COSTADO DE A.R SERVICIO,0,,,0.0,0.0,VISITAR PROXIMA VUELTA
2026-08-18,MECANICA FABRICIO,CALLE COSTADO DE A.R SERVICIO,0,,,0.0,0.0,VISITAR PROXIMA VUELTA
2026-08-18,LAVADERO NEW STILO,AV.SANTA CATALINA,0,,,0.0,0.0,VISITAR PROXIMA VUELTA
2026-08-18,GYM IMPERIUM,AV.LOPEZ Y PLANES,1,"1-LAV.1.PAPAYA.1TOA,IN",EFECTIVO,69400.0,0.0,VISITAR PROXIMA VUELTA
2026-08-18,LUBRICENTRO ALE ESPOSITO,CALLE PARALELA URUGUAY,0,,,0.0,0.0,ME LLAMA PARA EL PROXIMO PEDIDO
2026-08-18,LAVADERO LUIS - BESVERGI,AV.TRINCHERA,0,,,0.0,0.0,VISITAR PROXIMA VUELTA
2026-08-18,LAVADERO FABRICIO,AV.SAN MARTIN,1,"1-MEKA.1-BBX20.1-SH,TEF",PAGADO,74300.0,20000.0,CANCELO SALDO PENDIENTE
2026-08-18,MECANICA PEDRIN,AV.BUSTAMANTE,0,,,0.0,0.0,VISITAR PROXIMA VUELTA
2026-08-18,TALLER TOTI,AV.FCO DE ARO,0,,,0.0,0.0,VISITAR PROXIMA VUELTA
2026-08-18,GYM DOMINIUS,AV.SAN MARTIN,1,1.LIMP.CITRO.1-LIQ.AZUL,EFECTIVO,14100.0,0.0,VISITAR PROXIMA VUELTA
2026-08-18,YPF ROCAMORA,AV.LOPEZ Y PLANES,0,,,0.0,0.0,VISITAR PROXIMA VUELTA
2026-08-18,MECANICA NEGRI PELOSO,AV.URQUIZA,1,"1.JA.AZUL.1 BOBI,PREM",EFECTIVO,25000.0,0.0,VISITAR PROXIMA VUELTA
2026-08-18,LAVADERO POCHI,AV.TOMAS GUIDO,0,,,0.0,0.0,VISITAR PROXIMA VUELTA
2026-08-18,MECANICA SUAREZ,AV.SAN MARTIN,0,,,0.0,0.0,ME LLAMA PARA EL PROXIMO PEDIDO
2026-08-18,TALLER NAVARRO,AV.CHACABUCO,0,,,0.0,0.0,TODAVIA CON STOCK
2026-08-18,TALLER MYM,AV.SANTA CATALINA,1,1-MEKA.1-BBX5,EFECTIVO,21500.0,0.0,VISITAR PROXIMA VUELTA
2026-08-19,TALLER YOU,AV.FCO DE ARO,0,,,0.0,0.0,VISITAR VIERNES
2026-08-19,PLACAS POSADAS,AV.QUARANTA,1,2-NEW PEL.2 DIFU.,EFECTIVO,33200.0,0.0,VISITAR PROXIMA VUELTA
2026-08-19,FERRETERIA MARCELO,AV.QUARANTA,0,,,0.0,0.0,PASA PRESUPUESTO
2026-08-19,MOTOCENTER,AV.QUARANTA,0,,,0.0,0.0,VISITAR PROXIMA VUELTA
2026-08-19,HOTEL LA MISION,AV.QUARANTA,0,,,0.0,0.0,PASA PRESUPUESTO
2026-08-19,LAVADERO VIKINGO,AV.BROWN,0,,,0.0,0.0,"NO ESTABA EL ENCARGADO,VISITAR PROXIMA VUELTA"
2026-08-19,LAVADERO ANTONIO,AV.BROWN,0,,,0.0,0.0,TODAVIA CON STOCK
2026-08-19,YPF ROCAMORA,AV.LOPEZ Y PLANES,0,,,0.0,0.0,VISITAR PROXIMA VUELTA
2026-08-19,MECANICA SUAREZ,AV.SAN MARTIN,1,1-BOB.PRE.1-BBX20,PAGADO,49000.0,49000.0,CANCELO SALDO PENDIENTE
2026-08-19,TALLER EDUARDO,AV.SAN MARTIN,0,,,0.0,0.0,VISITAR PROXIMA VUELTA
2026-08-19,TALLER SAN ALBERTO,AV.SAN MARTIN,0,,,0.0,0.0,VISITAR PROXIMA VUELTA
2026-08-19,PLACAS NORTE,AV.SAN MARTIN,0,,,0.0,0.0,VISITAR 20/08
2026-08-19,CARNICERIA GRANJA ISABEL,AV.MARTIN FIERRO,0,,,0.0,0.0,PASA PRESUPUESTO
2026-08-19,GYM ACTIVATE,AV.MONSENOR DE ANDREA,0,,,0.0,0.0,VISITAR PROXIMA VUELTA
2026-08-19,CANCHA FUTBOL 5 ACTIVATE,AV.MONSENOR DE ANDREA,0,,,0.0,0.0,VISITAR PROXIMA VUELTA
2026-08-19,TALLER MARQUITOS,AV.MONSENOR DE ANDREA,0,,,0.0,0.0,VISITAR PROXIMA VUELTA
2026-08-19,TALLER ROBERTO PERALTA,AV.CHACABUCO,1,1-BOLSA 80X110,EFECTIVO,4400.0,0.0,VISITAR PROXIMA VUELTA
2026-08-19,PANADERIA BLAS PARERA,AV.BLAS PARERA,0,,,0.0,0.0,ME PASARON NUMERO DE ENCARGADO
2026-08-19,REPUESTOS PELOSO,AV.ITUZAINGO,0,,,0.0,0.0,VISITAR PROXIMA VUELTA
2026-08-19,TALLER ALEJANDRO,AV.ITUZAINGO,0,,,0.0,0.0,ME PIDIERON NUMERO PARA LISTA DE PRECIO
2026-08-20,CARNICERIA VINOS&CO,GARUPA,0,,,0.0,0.0,VISITAR PROXIMA VUELTA
2026-08-20,DIEGO TOHT,GARUPA,0,,,0.0,0.0,VISITAR PROXIMA VUELTA
2026-08-20,FERRETERIA SANDRA,GARUPA,0,,,0.0,0.0,VISITAR PROXIMA VUELTA
2026-08-20,MECANICA WALTER,GARUPA,0,,,0.0,0.0,VISITAR PROXIMA VUELTA
2026-08-20,CRUCERO DEL NORTE,GARUPA,0,,,0.0,0.0,ME PIDIERON NUMERO PARA LISTA DE PRECIO
2026-08-20,OMAR CHILAVERT,AV.QUARANTA,1,"1-BOB.ECOLO.1-LIMP,MANO",PENDIENTE,30300.0,30300.0,SALDO PENDIENTE
2026-08-20,AGUILA DORADA,AV.SAN MARTIN,0,,,0.0,0.0,VISITAR PROXIMA VUELTA
2026-08-20,PLACAS NORTE,AV.SAN MARTIN,1,COMPRA SURTIDA,,217060.0,0.0,VISITAR PROXIMA VUELTA
2026-08-20,YPF,AV.CHACABUCO,0,,,0.0,0.0,"NO ESTABA EL ENCARGADO,VISITAR PROXIMA VUELTA"
2026-08-20,LUBRICENTRO MIGUEL,AV.213,0,,,0.0,0.0,VISITAR PROXIMA VUELTA
2026-08-20,PREMOLDEADOS POSADAS,AV.213,0,,,0.0,0.0,SIN INTERES DE COMPRA
2026-08-20,RECTIFICADORA POSADAS,AV.BUSTAMANTE,0,,,0.0,0.0,VISITAR PROXIMA VUELTA
2026-08-20,TALLER BUSTAMANTE,AV.BUSTAMANTE,0,,,0.0,0.0,SIN INTERES DE COMPRA
2026-08-20,TALLER EMILIO,AV.SANTA CATALINA,1,1-MEKA.1BBX5,PENDIENTE,21500.0,21500.0,SALDO PENDIENTE
2026-08-20,OLEO HIDRAULICA,AV.QUARANTA,0,,,0.0,0.0,LLEVAR MUESTRA
2026-08-20,TALLER SPACIUK,AV.BOUCHARDO,0,,,0.0,0.0,VISITAR PROXIMA VUELTA
2026-08-20,TRANSPORTER SAUER,AV.BOUCHARDO,0,,,0.0,0.0,VISITAR POR LA MAÑANA
2026-08-20,CARNICERIA VINOS&CO,AV.ANDRESITO,1,2-HIPOCLORITO,,12000.0,0.0,VISITAR PROXIMA VUELTA
2026-08-20,FERRETERIA STAR,AV.LAVALLE,0,,,0.0,0.0,"NO ESTABA EL ENCARGADO,VISITAR PROXIMA VUELTA"
2026-08-21,CARNICERIA VINOS&CO,AV.ANDRESITO,1,1-HIPOCLORITO,EFECTIVO,6000.0,0.0,VISITAR PROXIMA VUELTA
2026-08-21,TALLER MONTIEL,CALLE FRANCIA,1,1-BOB.ECOLOG,TRANSFERENCIA,11400.0,0.0,VISITAR PROXIMA VUELTA
2026-08-21,LUBRICENTRO HUGO,AV.SANTA CRUZ,0,,,0.0,0.0,"NO ESTABA EL ENCARGADO,VISITAR PROXIMA VUELTA"
2026-08-21,TALLER VICTOR,AV.SANTA CRUZ,0,,,0.0,0.0,VISITAR PROXIMA VUELTA
2026-08-21,PANADERIA PETRI,RUTA 12,0,,,0.0,0.0,PASAR PRESUPUESTO
2026-08-21,CARLOS ENRIQUE,RUTA 12,0,,,0.0,0.0,PASAR PRESUPUESTO
2026-08-21,GYM IMPERIUM,AV.LOPEZ Y PLANES,1,COMPRA SURTIDA,EFECTIVO,93600.0,0.0,VISITAR PROXIMA VUELTA
2026-08-21,TALLER EZEQUIEL,CALLE MORCILLO CASI CABRED,1,1-REV.NEGRO 1- FRAGA,PENDIENTE,13300.0,13300.0,SALDO PENDIENTE
2026-08-21,CONSUMIDOR FINAL,MARCONI,1,"1-ALC,96% - 1BB -1 SODA",EFECTIVO,62500.0,0.0,ME LLAMA PARA EL PROXIMO PEDIDO
2026-08-21,LAVADERO MENTI,AV.TOMAS GUIDO Y CENTENARIO,1,COMPRA SURTIDA,PENDIENTE,54400.0,22200.0,SALDO PENDIENTE
2026-08-22,ROTISERIA POTOTO,AV.BROWN,0,,,0.0,0.0,COMPRO EN LOCAL URUGUAY
2026-08-22,MECANICA SUAREZ,AV.SAN MARTIN,0,,,0.0,0.0,"NO ESTABA EL ENCARGADO,VISITAR PROXIMA VUELTA"
2026-08-22,LAVADERO WALTER,AV.LAS HERAS,0,,,0.0,0.0,VISITAR PROXIMA VUELTA
2026-08-22,LAVADERO EL POLA,AV.BLAS PARERA,0,,,0.0,0.0,TODAVIA CON STOCK
2026-08-22,LAVADERO VIKINGO,AV.BROWN,1,"1-JABON,LIQ AZUL.1- SUAVI.",EFECTIVO,17000.0,0.0,VISITAR PROXIMA VUELTA
2026-08-22,LUBRICENTRO DANI,AV.BROWN,0,,,0.0,0.0,ME PIDIERON NUMERO PARA LISTA DE PRECIO
2026-08-22,LAVADERO CARWAS,AV.BROWN,0,,,0.0,0.0,VISITAR PROXIMA VUELTA
2026-08-22,TALLER YOU,AV.FCO DE ARO,1,"1-JABON,LIQ AZUL.1- SUAVI.",PENDIENTE,17000.0,17000.0,SALDO PENDIENTE
2026-08-22,YPF,AV.URUGUAY,0,,,0.0,0.0,VISITAR MARTES Y HABLAR CON ALBERTO
2026-08-22,LAVADERO ZN SEBA,AV.SANTA CRUZ,1,1-MEKAX20,EFECTIVO,33000.0,0.0,VISITAR PROXIMA VUELTA
